song_stem,file_or_dir,type,ok,size_bytes,mtime
lyrics_0,sample01.mid,file,OK,2033,2025-09-22 10:15:35
lyrics_0,sample01.json,file,OK,35,2025-09-22 10:15:35
lyrics_0,sample01.txt,file,OK,367,2025-09-22 10:15:34
lyrics_0,sample01_times.txt,file,OK,608,2025-09-22 10:15:36
lyrics_0,sample01_struct_time.json,file,OK,38,2025-09-22 10:15:37
lyrics_0,sample01_struct_label.json,file,OK,47,2025-09-22 10:15:37
lyrics_0,sample01.wav,file,OK,7018236,2025-09-22 10:15:53
lyrics_0,chord/chord_txt,dir,OK,1 files,
lyrics_0,chord/chord_btc_txt,dir,OK,1 files,
lyrics_1,sample01.mid,file,OK,1922,2025-09-22 10:16:50
lyrics_1,sample01.json,file,OK,34,2025-09-22 10:16:50
lyrics_1,sample01.txt,file,OK,352,2025-09-22 10:16:49
lyrics_1,sample01_times.txt,file,OK,593,2025-09-22 10:16:50
lyrics_1,sample01_struct_time.json,file,OK,37,2025-09-22 10:16:51
lyrics_1,sample01_struct_label.json,file,OK,47,2025-09-22 10:16:51
lyrics_1,sample01.wav,file,OK,6215822,2025-09-22 10:17:08
lyrics_1,chord/chord_txt,dir,OK,1 files,
lyrics_1,chord/chord_btc_txt,dir,OK,1 files,
lyrics_10,sample01.mid,file,OK,1794,2025-09-22 10:18:08
lyrics_10,sample01.json,file,OK,35,2025-09-22 10:18:08
lyrics_10,sample01.txt,file,OK,331,2025-09-22 10:18:07
lyrics_10,sample01_times.txt,file,OK,572,2025-09-22 10:18:09
lyrics_10,sample01_struct_time.json,file,OK,38,2025-09-22 10:18:10
lyrics_10,sample01_struct_label.json,file,OK,47,2025-09-22 10:18:10
lyrics_10,sample01.wav,file,OK,4419838,2025-09-22 10:18:26
lyrics_10,chord/chord_txt,dir,OK,1 files,
lyrics_10,chord/chord_btc_txt,dir,OK,1 files,
lyrics_100,sample01.mid,file,OK,1808,2025-09-22 10:19:28
lyrics_100,sample01.json,file,OK,34,2025-09-22 10:19:28
lyrics_100,sample01.txt,file,OK,333,2025-09-22 10:19:28
lyrics_100,sample01_times.txt,file,OK,574,2025-09-22 10:19:29
lyrics_100,sample01_struct_time.json,file,OK,39,2025-09-22 10:19:30
lyrics_100,sample01_struct_label.json,file,OK,47,2025-09-22 10:19:30
lyrics_100,sample01.wav,file,OK,4981648,2025-09-22 10:19:46
lyrics_100,chord/chord_txt,dir,OK,1 files,
lyrics_100,chord/chord_btc_txt,dir,OK,1 files,
lyrics_101,sample01.mid,file,OK,1729,2025-09-22 10:20:41
lyrics_101,sample01.json,file,OK,34,2025-09-22 10:20:41
lyrics_101,sample01.txt,file,OK,323,2025-09-22 10:20:40
lyrics_101,sample01_times.txt,file,OK,564,2025-09-22 10:20:41
lyrics_101,sample01_struct_time.json,file,OK,35,2025-09-22 10:20:42
lyrics_101,sample01_struct_label.json,file,OK,47,2025-09-22 10:20:42
lyrics_101,sample01.wav,file,OK,5448090,2025-09-22 10:20:58
lyrics_101,chord/chord_txt,dir,OK,1 files,
lyrics_101,chord/chord_btc_txt,dir,OK,1 files,
lyrics_102,sample01.mid,file,OK,1693,2025-09-22 10:21:53
lyrics_102,sample01.json,file,OK,34,2025-09-22 10:21:53
lyrics_102,sample01.txt,file,OK,321,2025-09-22 10:21:52
lyrics_102,sample01_times.txt,file,OK,562,2025-09-22 10:21:54
lyrics_102,sample01_struct_time.json,file,OK,39,2025-09-22 10:21:55
lyrics_102,sample01_struct_label.json,file,OK,47,2025-09-22 10:21:55
lyrics_102,sample01.wav,file,OK,4345590,2025-09-22 10:22:09
lyrics_102,chord/chord_txt,dir,OK,1 files,
lyrics_102,chord/chord_btc_txt,dir,OK,1 files,
lyrics_103,sample01.mid,file,OK,1737,2025-09-23 01:35:29
lyrics_103,sample01.json,file,OK,34,2025-09-23 01:35:29
lyrics_103,sample01.txt,file,OK,324,2025-09-23 01:35:28
lyrics_103,sample01_times.txt,file,OK,565,2025-09-23 01:35:30
lyrics_103,sample01_struct_time.json,file,OK,39,2025-09-23 01:35:30
lyrics_103,sample01_struct_label.json,file,OK,47,2025-09-23 01:35:30
lyrics_103,sample01.wav,file,OK,5295436,2025-09-23 01:35:45
lyrics_103,chord/chord_txt,dir,OK,1 files,
lyrics_103,chord/chord_btc_txt,dir,OK,1 files,
lyrics_104,sample01.mid,file,OK,1829,2025-09-22 10:24:19
lyrics_104,sample01.json,file,OK,34,2025-09-22 10:24:19
lyrics_104,sample01.txt,file,OK,338,2025-09-22 10:24:18
lyrics_104,sample01_times.txt,file,OK,579,2025-09-22 10:24:20
lyrics_104,sample01_struct_time.json,file,OK,37,2025-09-22 10:24:21
lyrics_104,sample01_struct_label.json,file,OK,47,2025-09-22 10:24:21
lyrics_104,sample01.wav,file,OK,5227590,2025-09-22 10:24:37
lyrics_104,chord/chord_txt,dir,OK,1 files,
lyrics_104,chord/chord_btc_txt,dir,OK,1 files,
lyrics_105,sample01.mid,file,OK,1783,2025-09-22 10:26:00
lyrics_105,sample01.json,file,OK,34,2025-09-22 10:26:00
lyrics_105,sample01.txt,file,OK,327,2025-09-22 10:25:59
lyrics_105,sample01_times.txt,file,OK,568,2025-09-22 10:26:00
lyrics_105,sample01_struct_time.json,file,OK,39,2025-09-22 10:26:01
lyrics_105,sample01_struct_label.json,file,OK,47,2025-09-22 10:26:01
lyrics_105,sample01.wav,file,OK,5049494,2025-09-22 10:26:17
lyrics_105,chord/chord_txt,dir,OK,1 files,
lyrics_105,chord/chord_btc_txt,dir,OK,1 files,
lyrics_106,sample01.mid,file,OK,1740,2025-09-23 01:39:12
lyrics_106,sample01.json,file,OK,34,2025-09-23 01:39:12
lyrics_106,sample01.txt,file,OK,324,2025-09-23 01:39:11
lyrics_106,sample01_times.txt,file,OK,565,2025-09-23 01:39:13
lyrics_106,sample01_struct_time.json,file,OK,39,2025-09-23 01:39:14
lyrics_106,sample01_struct_label.json,file,OK,47,2025-09-23 01:39:14
lyrics_106,sample01.wav,file,OK,5397206,2025-09-23 01:39:28
lyrics_106,chord/chord_txt,dir,OK,1 files,
lyrics_106,chord/chord_btc_txt,dir,OK,1 files,
lyrics_107,sample01.mid,file,OK,1710,2025-09-23 01:37:16
lyrics_107,sample01.json,file,OK,34,2025-09-23 01:37:16
lyrics_107,sample01.txt,file,OK,324,2025-09-23 01:37:15
lyrics_107,sample01_times.txt,file,OK,565,2025-09-23 01:37:16
lyrics_107,sample01_struct_time.json,file,OK,38,2025-09-23 01:37:17
lyrics_107,sample01_struct_label.json,file,OK,47,2025-09-23 01:37:17
lyrics_107,sample01.wav,file,OK,5028292,2025-09-23 01:37:31
lyrics_107,chord/chord_txt,dir,OK,1 files,
lyrics_107,chord/chord_btc_txt,dir,OK,1 files,
lyrics_108,sample01.mid,file,OK,1726,2025-09-22 10:29:38
lyrics_108,sample01.json,file,OK,34,2025-09-22 10:29:38
lyrics_108,sample01.txt,file,OK,322,2025-09-22 10:29:37
lyrics_108,sample01_times.txt,file,OK,563,2025-09-22 10:29:38
lyrics_108,sample01_struct_time.json,file,OK,37,2025-09-22 10:29:39
lyrics_108,sample01_struct_label.json,file,OK,47,2025-09-22 10:29:39
lyrics_108,sample01.wav,file,OK,5694034,2025-09-22 10:29:54
lyrics_108,chord/chord_txt,dir,OK,1 files,
lyrics_108,chord/chord_btc_txt,dir,OK,1 files,
lyrics_109,sample01.mid,file,OK,1769,2025-09-22 10:30:43
lyrics_109,sample01.json,file,OK,34,2025-09-22 10:30:43
lyrics_109,sample01.txt,file,OK,329,2025-09-22 10:30:42
lyrics_109,sample01_times.txt,file,OK,570,2025-09-22 10:30:43
lyrics_109,sample01_struct_time.json,file,OK,39,2025-09-22 10:30:44
lyrics_109,sample01_struct_label.json,file,OK,47,2025-09-22 10:30:44
lyrics_109,sample01.wav,file,OK,5041014,2025-09-22 10:30:59
lyrics_109,chord/chord_txt,dir,OK,1 files,
lyrics_109,chord/chord_btc_txt,dir,OK,1 files,
lyrics_11,sample01.mid,file,OK,1847,2025-09-22 10:31:49
lyrics_11,sample01.json,file,OK,34,2025-09-22 10:31:49
lyrics_11,sample01.txt,file,OK,334,2025-09-22 10:31:47
lyrics_11,sample01_times.txt,file,OK,575,2025-09-22 10:31:49
lyrics_11,sample01_struct_time.json,file,OK,39,2025-09-22 10:31:50
lyrics_11,sample01_struct_label.json,file,OK,47,2025-09-22 10:31:50
lyrics_11,sample01.wav,file,OK,6271528,2025-09-22 10:32:06
lyrics_11,chord/chord_txt,dir,OK,1 files,
lyrics_11,chord/chord_btc_txt,dir,OK,1 files,
lyrics_110,sample01.mid,file,OK,1732,2025-09-22 10:32:57
lyrics_110,sample01.json,file,OK,34,2025-09-22 10:32:57
lyrics_110,sample01.txt,file,OK,327,2025-09-22 10:32:56
lyrics_110,sample01_times.txt,file,OK,568,2025-09-22 10:32:58
lyrics_110,sample01_struct_time.json,file,OK,39,2025-09-22 10:32:59
lyrics_110,sample01_struct_label.json,file,OK,47,2025-09-22 10:32:59
lyrics_110,sample01.wav,file,OK,4956206,2025-09-22 10:33:14
lyrics_110,chord/chord_txt,dir,OK,1 files,
lyrics_110,chord/chord_btc_txt,dir,OK,1 files,
lyrics_111,sample01.mid,file,OK,1762,2025-09-22 10:34:02
lyrics_111,sample01.json,file,OK,34,2025-09-22 10:34:02
lyrics_111,sample01.txt,file,OK,326,2025-09-22 10:34:01
lyrics_111,sample01_times.txt,file,OK,567,2025-09-22 10:34:03
lyrics_111,sample01_struct_time.json,file,OK,39,2025-09-22 10:34:03
lyrics_111,sample01_struct_label.json,file,OK,47,2025-09-22 10:34:03
lyrics_111,sample01.wav,file,OK,4812032,2025-09-22 10:34:18
lyrics_111,chord/chord_txt,dir,OK,1 files,
lyrics_111,chord/chord_btc_txt,dir,OK,1 files,
lyrics_112,sample01.mid,file,OK,1776,2025-09-22 10:35:08
lyrics_112,sample01.json,file,OK,34,2025-09-22 10:35:08
lyrics_112,sample01.txt,file,OK,332,2025-09-22 10:35:07
lyrics_112,sample01_times.txt,file,OK,573,2025-09-22 10:35:09
lyrics_112,sample01_struct_time.json,file,OK,39,2025-09-22 10:35:10
lyrics_112,sample01_struct_label.json,file,OK,47,2025-09-22 10:35:10
lyrics_112,sample01.wav,file,OK,5261514,2025-09-22 10:35:25
lyrics_112,chord/chord_txt,dir,OK,1 files,
lyrics_112,chord/chord_btc_txt,dir,OK,1 files,
lyrics_113,sample01.mid,file,OK,1765,2025-09-22 10:36:17
lyrics_113,sample01.json,file,OK,34,2025-09-22 10:36:17
lyrics_113,sample01.txt,file,OK,329,2025-09-22 10:36:17
lyrics_113,sample01_times.txt,file,OK,570,2025-09-22 10:36:18
lyrics_113,sample01_struct_time.json,file,OK,39,2025-09-22 10:36:19
lyrics_113,sample01_struct_label.json,file,OK,47,2025-09-22 10:36:19
lyrics_113,sample01.wav,file,OK,4481282,2025-09-22 10:36:33
lyrics_113,chord/chord_txt,dir,OK,1 files,
lyrics_113,chord/chord_btc_txt,dir,OK,1 files,
lyrics_114,sample01.mid,file,OK,1767,2025-09-22 10:37:22
lyrics_114,sample01.json,file,OK,34,2025-09-22 10:37:22
lyrics_114,sample01.txt,file,OK,328,2025-09-22 10:37:21
lyrics_114,sample01_times.txt,file,OK,569,2025-09-22 10:37:22
lyrics_114,sample01_struct_time.json,file,OK,39,2025-09-22 10:37:23
lyrics_114,sample01_struct_label.json,file,OK,47,2025-09-22 10:37:23
lyrics_114,sample01.wav,file,OK,4498244,2025-09-22 10:37:37
lyrics_114,chord/chord_txt,dir,OK,1 files,
lyrics_114,chord/chord_btc_txt,dir,OK,1 files,
lyrics_115,sample01.mid,file,OK,1738,2025-09-22 10:38:31
lyrics_115,sample01.json,file,OK,34,2025-09-22 10:38:31
lyrics_115,sample01.txt,file,OK,326,2025-09-22 10:38:30
lyrics_115,sample01_times.txt,file,OK,567,2025-09-22 10:38:32
lyrics_115,sample01_struct_time.json,file,OK,37,2025-09-22 10:38:32
lyrics_115,sample01_struct_label.json,file,OK,47,2025-09-22 10:38:32
lyrics_115,sample01.wav,file,OK,4956206,2025-09-22 10:38:47
lyrics_115,chord/chord_txt,dir,OK,1 files,
lyrics_115,chord/chord_btc_txt,dir,OK,1 files,
lyrics_116,sample01.mid,file,OK,1800,2025-09-22 10:39:45
lyrics_116,sample01.json,file,OK,34,2025-09-22 10:39:45
lyrics_116,sample01.txt,file,OK,332,2025-09-22 10:39:44
lyrics_116,sample01_times.txt,file,OK,573,2025-09-22 10:39:46
lyrics_116,sample01_struct_time.json,file,OK,39,2025-09-22 10:39:47
lyrics_116,sample01_struct_label.json,file,OK,47,2025-09-22 10:39:47
lyrics_116,sample01.wav,file,OK,5634668,2025-09-22 10:40:01
lyrics_116,chord/chord_txt,dir,OK,1 files,
lyrics_116,chord/chord_btc_txt,dir,OK,1 files,
lyrics_117,sample01.mid,file,OK,1724,2025-09-22 10:40:49
lyrics_117,sample01.json,file,OK,34,2025-09-22 10:40:49
lyrics_117,sample01.txt,file,OK,324,2025-09-22 10:40:48
lyrics_117,sample01_times.txt,file,OK,565,2025-09-22 10:40:49
lyrics_117,sample01_struct_time.json,file,OK,39,2025-09-22 10:40:50
lyrics_117,sample01_struct_label.json,file,OK,47,2025-09-22 10:40:50
lyrics_117,sample01.wav,file,OK,5515936,2025-09-22 10:41:05
lyrics_117,chord/chord_txt,dir,OK,1 files,
lyrics_117,chord/chord_btc_txt,dir,OK,1 files,
lyrics_118,sample01.mid,file,OK,1769,2025-09-22 10:41:54
lyrics_118,sample01.json,file,OK,34,2025-09-22 10:41:54
lyrics_118,sample01.txt,file,OK,331,2025-09-22 10:41:53
lyrics_118,sample01_times.txt,file,OK,572,2025-09-22 10:41:55
lyrics_118,sample01_struct_time.json,file,OK,37,2025-09-22 10:41:56
lyrics_118,sample01_struct_label.json,file,OK,47,2025-09-22 10:41:56
lyrics_118,sample01.wav,file,OK,5041014,2025-09-22 10:42:10
lyrics_118,chord/chord_txt,dir,OK,1 files,
lyrics_118,chord/chord_btc_txt,dir,OK,1 files,
lyrics_119,sample01.mid,file,OK,1714,2025-09-22 10:43:02
lyrics_119,sample01.json,file,OK,34,2025-09-22 10:43:02
lyrics_119,sample01.txt,file,OK,324,2025-09-22 10:43:01
lyrics_119,sample01_times.txt,file,OK,565,2025-09-22 10:43:03
lyrics_119,sample01_struct_time.json,file,OK,39,2025-09-22 10:43:04
lyrics_119,sample01_struct_label.json,file,OK,47,2025-09-22 10:43:04
lyrics_119,sample01.wav,file,OK,5363284,2025-09-22 10:43:18
lyrics_119,chord/chord_txt,dir,OK,1 files,
lyrics_119,chord/chord_btc_txt,dir,OK,1 files,
lyrics_12,sample01.mid,file,OK,1933,2025-09-22 10:44:07
lyrics_12,sample01.json,file,OK,34,2025-09-22 10:44:07
lyrics_12,sample01.txt,file,OK,345,2025-09-22 10:44:06
lyrics_12,sample01_times.txt,file,OK,586,2025-09-22 10:44:08
lyrics_12,sample01_struct_time.json,file,OK,39,2025-09-22 10:44:09
lyrics_12,sample01_struct_label.json,file,OK,47,2025-09-22 10:44:09
lyrics_12,sample01.wav,file,OK,6215822,2025-09-22 10:44:24
lyrics_12,chord/chord_txt,dir,OK,1 files,
lyrics_12,chord/chord_btc_txt,dir,OK,1 files,
lyrics_120,sample01.mid,file,OK,1794,2025-09-22 10:45:21
lyrics_120,sample01.json,file,OK,34,2025-09-22 10:45:21
lyrics_120,sample01.txt,file,OK,331,2025-09-22 10:45:20
lyrics_120,sample01_times.txt,file,OK,572,2025-09-22 10:45:22
lyrics_120,sample01_struct_time.json,file,OK,39,2025-09-22 10:45:22
lyrics_120,sample01_struct_label.json,file,OK,47,2025-09-22 10:45:22
lyrics_120,sample01.wav,file,OK,5651630,2025-09-22 10:45:37
lyrics_120,chord/chord_txt,dir,OK,1 files,
lyrics_120,chord/chord_btc_txt,dir,OK,1 files,
lyrics_121,sample01.mid,file,OK,1697,2025-09-22 10:46:26
lyrics_121,sample01.json,file,OK,34,2025-09-22 10:46:26
lyrics_121,sample01.txt,file,OK,320,2025-09-22 10:46:25
lyrics_121,sample01_times.txt,file,OK,561,2025-09-22 10:46:26
lyrics_121,sample01_struct_time.json,file,OK,39,2025-09-22 10:46:27
lyrics_121,sample01_struct_label.json,file,OK,47,2025-09-22 10:46:27
lyrics_121,sample01.wav,file,OK,4379514,2025-09-22 10:46:41
lyrics_121,chord/chord_txt,dir,OK,1 files,
lyrics_121,chord/chord_btc_txt,dir,OK,1 files,
lyrics_122,sample01.mid,file,OK,1751,2025-09-22 10:47:29
lyrics_122,sample01.json,file,OK,34,2025-09-22 10:47:29
lyrics_122,sample01.txt,file,OK,328,2025-09-22 10:47:28
lyrics_122,sample01_times.txt,file,OK,569,2025-09-22 10:47:30
lyrics_122,sample01_struct_time.json,file,OK,39,2025-09-22 10:47:31
lyrics_122,sample01_struct_label.json,file,OK,47,2025-09-22 10:47:31
lyrics_122,sample01.wav,file,OK,6092630,2025-09-22 10:47:46
lyrics_122,chord/chord_txt,dir,OK,1 files,
lyrics_122,chord/chord_btc_txt,dir,OK,1 files,
lyrics_123,sample01.mid,file,OK,1761,2025-09-22 10:48:40
lyrics_123,sample01.json,file,OK,34,2025-09-22 10:48:40
lyrics_123,sample01.txt,file,OK,327,2025-09-22 10:48:39
lyrics_123,sample01_times.txt,file,OK,568,2025-09-22 10:48:40
lyrics_123,sample01_struct_time.json,file,OK,39,2025-09-22 10:48:41
lyrics_123,sample01_struct_label.json,file,OK,47,2025-09-22 10:48:41
lyrics_123,sample01.wav,file,OK,4786590,2025-09-22 10:48:56
lyrics_123,chord/chord_txt,dir,OK,1 files,
lyrics_123,chord/chord_btc_txt,dir,OK,1 files,
lyrics_124,sample01.mid,file,OK,1735,2025-09-22 10:49:49
lyrics_124,sample01.json,file,OK,34,2025-09-22 10:49:49
lyrics_124,sample01.txt,file,OK,323,2025-09-22 10:49:48
lyrics_124,sample01_times.txt,file,OK,564,2025-09-22 10:49:49
lyrics_124,sample01_struct_time.json,file,OK,39,2025-09-22 10:49:50
lyrics_124,sample01_struct_label.json,file,OK,47,2025-09-22 10:49:50
lyrics_124,sample01.wav,file,OK,6143514,2025-09-22 10:50:05
lyrics_124,chord/chord_txt,dir,OK,1 files,
lyrics_124,chord/chord_btc_txt,dir,OK,1 files,
lyrics_125,sample01.mid,file,OK,1722,2025-09-22 10:50:53
lyrics_125,sample01.json,file,OK,34,2025-09-22 10:50:53
lyrics_125,sample01.txt,file,OK,318,2025-09-22 10:50:52
lyrics_125,sample01_times.txt,file,OK,559,2025-09-22 10:50:54
lyrics_125,sample01_struct_time.json,file,OK,37,2025-09-22 10:50:55
lyrics_125,sample01_struct_label.json,file,OK,47,2025-09-22 10:50:55
lyrics_125,sample01.wav,file,OK,5431130,2025-09-22 10:51:11
lyrics_125,chord/chord_txt,dir,OK,1 files,
lyrics_125,chord/chord_btc_txt,dir,OK,1 files,
lyrics_126,sample01.mid,file,OK,1750,2025-09-22 10:52:09
lyrics_126,sample01.json,file,OK,34,2025-09-22 10:52:09
lyrics_126,sample01.txt,file,OK,324,2025-09-22 10:52:07
lyrics_126,sample01_times.txt,file,OK,565,2025-09-22 10:52:09
lyrics_126,sample01_struct_time.json,file,OK,39,2025-09-22 10:52:10
lyrics_126,sample01_struct_label.json,file,OK,47,2025-09-22 10:52:10
lyrics_126,sample01.wav,file,OK,5363284,2025-09-22 10:52:25
lyrics_126,chord/chord_txt,dir,OK,1 files,
lyrics_126,chord/chord_btc_txt,dir,OK,1 files,
lyrics_127,sample01.mid,file,OK,1655,2025-09-22 10:53:13
lyrics_127,sample01.json,file,OK,34,2025-09-22 10:53:13
lyrics_127,sample01.txt,file,OK,311,2025-09-22 10:53:12
lyrics_127,sample01_times.txt,file,OK,552,2025-09-22 10:53:14
lyrics_127,sample01_struct_time.json,file,OK,39,2025-09-22 10:53:14
lyrics_127,sample01_struct_label.json,file,OK,47,2025-09-22 10:53:14
lyrics_127,sample01.wav,file,OK,4523686,2025-09-22 10:53:29
lyrics_127,chord/chord_txt,dir,OK,1 files,
lyrics_127,chord/chord_btc_txt,dir,OK,1 files,
lyrics_128,sample01.mid,file,OK,1733,2025-09-22 10:54:21
lyrics_128,sample01.json,file,OK,34,2025-09-22 10:54:21
lyrics_128,sample01.txt,file,OK,322,2025-09-22 10:54:20
lyrics_128,sample01_times.txt,file,OK,563,2025-09-22 10:54:21
lyrics_128,sample01_struct_time.json,file,OK,39,2025-09-22 10:54:22
lyrics_128,sample01_struct_label.json,file,OK,47,2025-09-22 10:54:22
lyrics_128,sample01.wav,file,OK,4396476,2025-09-22 10:54:37
lyrics_128,chord/chord_txt,dir,OK,1 files,
lyrics_128,chord/chord_btc_txt,dir,OK,1 files,
lyrics_129,sample01.mid,file,OK,1775,2025-09-22 10:55:31
lyrics_129,sample01.json,file,OK,34,2025-09-22 10:55:31
lyrics_129,sample01.txt,file,OK,327,2025-09-22 10:55:30
lyrics_129,sample01_times.txt,file,OK,568,2025-09-22 10:55:32
lyrics_129,sample01_struct_time.json,file,OK,37,2025-09-22 10:55:32
lyrics_129,sample01_struct_label.json,file,OK,47,2025-09-22 10:55:32
lyrics_129,sample01.wav,file,OK,5600744,2025-09-22 10:55:47
lyrics_129,chord/chord_txt,dir,OK,1 files,
lyrics_129,chord/chord_btc_txt,dir,OK,1 files,
lyrics_13,sample01.mid,file,OK,1868,2025-09-22 10:56:43
lyrics_13,sample01.json,file,OK,34,2025-09-22 10:56:43
lyrics_13,sample01.txt,file,OK,340,2025-09-22 10:56:42
lyrics_13,sample01_times.txt,file,OK,581,2025-09-22 10:56:43
lyrics_13,sample01_struct_time.json,file,OK,39,2025-09-22 10:56:44
lyrics_13,sample01_struct_label.json,file,OK,47,2025-09-22 10:56:44
lyrics_13,sample01.wav,file,OK,6132264,2025-09-22 10:56:59
lyrics_13,chord/chord_txt,dir,OK,1 files,
lyrics_13,chord/chord_btc_txt,dir,OK,1 files,
lyrics_130,sample01.mid,file,OK,1751,2025-09-22 10:57:48
lyrics_130,sample01.json,file,OK,34,2025-09-22 10:57:48
lyrics_130,sample01.txt,file,OK,327,2025-09-22 10:57:48
lyrics_130,sample01_times.txt,file,OK,568,2025-09-22 10:57:49
lyrics_130,sample01_struct_time.json,file,OK,39,2025-09-22 10:57:50
lyrics_130,sample01_struct_label.json,file,OK,47,2025-09-22 10:57:50
lyrics_130,sample01.wav,file,OK,5261514,2025-09-22 10:58:05
lyrics_130,chord/chord_txt,dir,OK,1 files,
lyrics_130,chord/chord_btc_txt,dir,OK,1 files,
lyrics_131,sample01.mid,file,OK,1727,2025-09-22 10:59:17
lyrics_131,sample01.json,file,OK,34,2025-09-22 10:59:17
lyrics_131,sample01.txt,file,OK,322,2025-09-22 10:59:16
lyrics_131,sample01_times.txt,file,OK,563,2025-09-22 10:59:17
lyrics_131,sample01_struct_time.json,file,OK,39,2025-09-22 10:59:18
lyrics_131,sample01_struct_label.json,file,OK,47,2025-09-22 10:59:18
lyrics_131,sample01.wav,file,OK,5041014,2025-09-22 10:59:33
lyrics_131,chord/chord_txt,dir,OK,1 files,
lyrics_131,chord/chord_btc_txt,dir,OK,1 files,
lyrics_132,sample01.mid,file,OK,1661,2025-09-22 11:00:30
lyrics_132,sample01.json,file,OK,34,2025-09-22 11:00:30
lyrics_132,sample01.txt,file,OK,316,2025-09-22 11:00:29
lyrics_132,sample01_times.txt,file,OK,557,2025-09-22 11:00:31
lyrics_132,sample01_struct_time.json,file,OK,37,2025-09-22 11:00:31
lyrics_132,sample01_struct_label.json,file,OK,47,2025-09-22 11:00:31
lyrics_132,sample01.wav,file,OK,4795072,2025-09-22 11:00:46
lyrics_132,chord/chord_txt,dir,OK,1 files,
lyrics_132,chord/chord_btc_txt,dir,OK,1 files,
lyrics_133,sample01.mid,file,OK,1694,2025-09-22 11:01:48
lyrics_133,sample01.json,file,OK,34,2025-09-22 11:01:48
lyrics_133,sample01.txt,file,OK,320,2025-09-22 11:01:47
lyrics_133,sample01_times.txt,file,OK,561,2025-09-22 11:01:49
lyrics_133,sample01_struct_time.json,file,OK,39,2025-09-22 11:01:49
lyrics_133,sample01_struct_label.json,file,OK,47,2025-09-22 11:01:49
lyrics_133,sample01.wav,file,OK,5227590,2025-09-22 11:02:03
lyrics_133,chord/chord_txt,dir,OK,1 files,
lyrics_133,chord/chord_btc_txt,dir,OK,1 files,
lyrics_134,sample01.mid,file,OK,1777,2025-09-22 11:02:58
lyrics_134,sample01.json,file,OK,34,2025-09-22 11:02:58
lyrics_134,sample01.txt,file,OK,327,2025-09-22 11:02:57
lyrics_134,sample01_times.txt,file,OK,568,2025-09-22 11:02:58
lyrics_134,sample01_struct_time.json,file,OK,39,2025-09-22 11:02:59
lyrics_134,sample01_struct_label.json,file,OK,47,2025-09-22 11:02:59
lyrics_134,sample01.wav,file,OK,5634668,2025-09-22 11:03:17
lyrics_134,chord/chord_txt,dir,OK,1 files,
lyrics_134,chord/chord_btc_txt,dir,OK,1 files,
lyrics_135,sample01.mid,file,OK,1739,2025-09-22 11:04:10
lyrics_135,sample01.json,file,OK,34,2025-09-22 11:04:10
lyrics_135,sample01.txt,file,OK,323,2025-09-22 11:04:09
lyrics_135,sample01_times.txt,file,OK,564,2025-09-22 11:04:10
lyrics_135,sample01_struct_time.json,file,OK,39,2025-09-22 11:04:11
lyrics_135,sample01_struct_label.json,file,OK,47,2025-09-22 11:04:11
lyrics_135,sample01.wav,file,OK,5024052,2025-09-22 11:04:25
lyrics_135,chord/chord_txt,dir,OK,1 files,
lyrics_135,chord/chord_btc_txt,dir,OK,1 files,
lyrics_136,sample01.mid,file,OK,1712,2025-09-22 11:05:19
lyrics_136,sample01.json,file,OK,34,2025-09-22 11:05:19
lyrics_136,sample01.txt,file,OK,321,2025-09-22 11:05:18
lyrics_136,sample01_times.txt,file,OK,562,2025-09-22 11:05:20
lyrics_136,sample01_struct_time.json,file,OK,39,2025-09-22 11:05:21
lyrics_136,sample01_struct_label.json,file,OK,47,2025-09-22 11:05:21
lyrics_136,sample01.wav,file,OK,4990130,2025-09-22 11:05:34
lyrics_136,chord/chord_txt,dir,OK,1 files,
lyrics_136,chord/chord_btc_txt,dir,OK,1 files,
lyrics_137,sample01.mid,file,OK,1720,2025-09-23 01:41:47
lyrics_137,sample01.json,file,OK,34,2025-09-23 01:41:47
lyrics_137,sample01.txt,file,OK,322,2025-09-23 01:41:45
lyrics_137,sample01_times.txt,file,OK,563,2025-09-23 01:41:47
lyrics_137,sample01_struct_time.json,file,OK,39,2025-09-23 01:41:48
lyrics_137,sample01_struct_label.json,file,OK,47,2025-09-23 01:41:48
lyrics_137,sample01.wav,file,OK,4752668,2025-09-23 01:42:03
lyrics_137,chord/chord_txt,dir,OK,1 files,
lyrics_137,chord/chord_btc_txt,dir,OK,1 files,
lyrics_138,sample01.mid,file,OK,1707,2025-09-22 11:07:48
lyrics_138,sample01.json,file,OK,34,2025-09-22 11:07:48
lyrics_138,sample01.txt,file,OK,320,2025-09-22 11:07:47
lyrics_138,sample01_times.txt,file,OK,561,2025-09-22 11:07:48
lyrics_138,sample01_struct_time.json,file,OK,39,2025-09-22 11:07:49
lyrics_138,sample01_struct_label.json,file,OK,47,2025-09-22 11:07:49
lyrics_138,sample01.wav,file,OK,5634668,2025-09-22 11:08:03
lyrics_138,chord/chord_txt,dir,OK,1 files,
lyrics_138,chord/chord_btc_txt,dir,OK,1 files,
lyrics_139,sample01.mid,file,OK,1709,2025-09-22 11:08:54
lyrics_139,sample01.json,file,OK,34,2025-09-22 11:08:54
lyrics_139,sample01.txt,file,OK,321,2025-09-22 11:08:53
lyrics_139,sample01_times.txt,file,OK,562,2025-09-22 11:08:54
lyrics_139,sample01_struct_time.json,file,OK,37,2025-09-22 11:08:55
lyrics_139,sample01_struct_label.json,file,OK,47,2025-09-22 11:08:55
lyrics_139,sample01.wav,file,OK,5261514,2025-09-22 11:09:09
lyrics_139,chord/chord_txt,dir,OK,1 files,
lyrics_139,chord/chord_btc_txt,dir,OK,1 files,
lyrics_14,sample01.mid,file,OK,1846,2025-09-22 11:10:04
lyrics_14,sample01.json,file,OK,34,2025-09-22 11:10:04
lyrics_14,sample01.txt,file,OK,341,2025-09-22 11:10:03
lyrics_14,sample01_times.txt,file,OK,582,2025-09-22 11:10:05
lyrics_14,sample01_struct_time.json,file,OK,39,2025-09-22 11:10:06
lyrics_14,sample01_struct_label.json,file,OK,47,2025-09-22 11:10:06
lyrics_14,sample01.wav,file,OK,5414168,2025-09-22 11:10:20
lyrics_14,chord/chord_txt,dir,OK,1 files,
lyrics_14,chord/chord_btc_txt,dir,OK,1 files,
lyrics_140,sample01.mid,file,OK,1726,2025-09-22 11:11:20
lyrics_140,sample01.json,file,OK,34,2025-09-22 11:11:20
lyrics_140,sample01.txt,file,OK,323,2025-09-22 11:11:18
lyrics_140,sample01_times.txt,file,OK,564,2025-09-22 11:11:20
lyrics_140,sample01_struct_time.json,file,OK,37,2025-09-22 11:11:21
lyrics_140,sample01_struct_label.json,file,OK,47,2025-09-22 11:11:21
lyrics_140,sample01.wav,file,OK,4905322,2025-09-22 11:11:38
lyrics_140,chord/chord_txt,dir,OK,1 files,
lyrics_140,chord/chord_btc_txt,dir,OK,1 files,
lyrics_141,sample01.mid,file,OK,1700,2025-09-22 11:12:33
lyrics_141,sample01.json,file,OK,34,2025-09-22 11:12:33
lyrics_141,sample01.txt,file,OK,319,2025-09-22 11:12:32
lyrics_141,sample01_times.txt,file,OK,560,2025-09-22 11:12:33
lyrics_141,sample01_struct_time.json,file,OK,39,2025-09-22 11:12:34
lyrics_141,sample01_struct_label.json,file,OK,47,2025-09-22 11:12:34
lyrics_141,sample01.wav,file,OK,5278476,2025-09-22 11:12:49
lyrics_141,chord/chord_txt,dir,OK,1 files,
lyrics_141,chord/chord_btc_txt,dir,OK,1 files,
lyrics_142,sample01.mid,file,OK,1748,2025-09-22 11:13:42
lyrics_142,sample01.json,file,OK,34,2025-09-22 11:13:42
lyrics_142,sample01.txt,file,OK,324,2025-09-22 11:13:41
lyrics_142,sample01_times.txt,file,OK,565,2025-09-22 11:13:43
lyrics_142,sample01_struct_time.json,file,OK,38,2025-09-22 11:13:44
lyrics_142,sample01_struct_label.json,file,OK,47,2025-09-22 11:13:44
lyrics_142,sample01.wav,file,OK,5604986,2025-09-22 11:13:59
lyrics_142,chord/chord_txt,dir,OK,1 files,
lyrics_142,chord/chord_btc_txt,dir,OK,1 files,
lyrics_143,sample01.mid,file,OK,1699,2025-09-22 11:15:02
lyrics_143,sample01.json,file,OK,34,2025-09-22 11:15:02
lyrics_143,sample01.txt,file,OK,320,2025-09-22 11:15:01
lyrics_143,sample01_times.txt,file,OK,561,2025-09-22 11:15:03
lyrics_143,sample01_struct_time.json,file,OK,39,2025-09-22 11:15:03
lyrics_143,sample01_struct_label.json,file,OK,47,2025-09-22 11:15:03
lyrics_143,sample01.wav,file,OK,4930764,2025-09-22 11:15:20
lyrics_143,chord/chord_txt,dir,OK,1 files,
lyrics_143,chord/chord_btc_txt,dir,OK,1 files,
lyrics_144,sample01.mid,file,OK,1717,2025-09-23 01:43:05
lyrics_144,sample01.json,file,OK,34,2025-09-23 01:43:05
lyrics_144,sample01.txt,file,OK,322,2025-09-23 01:43:04
lyrics_144,sample01_times.txt,file,OK,563,2025-09-23 01:43:05
lyrics_144,sample01_struct_time.json,file,OK,38,2025-09-23 01:43:06
lyrics_144,sample01_struct_label.json,file,OK,47,2025-09-23 01:43:06
lyrics_144,sample01.wav,file,OK,4833234,2025-09-23 01:43:21
lyrics_144,chord/chord_txt,dir,OK,1 files,
lyrics_144,chord/chord_btc_txt,dir,OK,1 files,
lyrics_145,sample01.mid,file,OK,1731,2025-09-22 11:17:32
lyrics_145,sample01.json,file,OK,34,2025-09-22 11:17:32
lyrics_145,sample01.txt,file,OK,322,2025-09-22 11:17:31
lyrics_145,sample01_times.txt,file,OK,563,2025-09-22 11:17:33
lyrics_145,sample01_struct_time.json,file,OK,39,2025-09-22 11:17:34
lyrics_145,sample01_struct_label.json,file,OK,47,2025-09-22 11:17:34
lyrics_145,sample01.wav,file,OK,5515936,2025-09-22 11:17:48
lyrics_145,chord/chord_txt,dir,OK,1 files,
lyrics_145,chord/chord_btc_txt,dir,OK,1 files,
lyrics_146,sample01.mid,file,OK,1782,2025-09-22 11:18:52
lyrics_146,sample01.json,file,OK,34,2025-09-22 11:18:52
lyrics_146,sample01.txt,file,OK,327,2025-09-22 11:18:51
lyrics_146,sample01_times.txt,file,OK,568,2025-09-22 11:18:53
lyrics_146,sample01_struct_time.json,file,OK,38,2025-09-22 11:18:53
lyrics_146,sample01_struct_label.json,file,OK,47,2025-09-22 11:18:53
lyrics_146,sample01.wav,file,OK,5630428,2025-09-22 11:19:08
lyrics_146,chord/chord_txt,dir,OK,1 files,
lyrics_146,chord/chord_btc_txt,dir,OK,1 files,
lyrics_147,sample01.mid,file,OK,1785,2025-09-22 11:20:15
lyrics_147,sample01.json,file,OK,34,2025-09-22 11:20:15
lyrics_147,sample01.txt,file,OK,328,2025-09-22 11:20:14
lyrics_147,sample01_times.txt,file,OK,569,2025-09-22 11:20:16
lyrics_147,sample01_struct_time.json,file,OK,39,2025-09-22 11:20:17
lyrics_147,sample01_struct_label.json,file,OK,47,2025-09-22 11:20:17
lyrics_147,sample01.wav,file,OK,5091898,2025-09-22 11:20:31
lyrics_147,chord/chord_txt,dir,OK,1 files,
lyrics_147,chord/chord_btc_txt,dir,OK,1 files,
lyrics_148,sample01.mid,file,OK,1780,2025-09-22 11:21:26
lyrics_148,sample01.json,file,OK,34,2025-09-22 11:21:26
lyrics_148,sample01.txt,file,OK,327,2025-09-22 11:21:25
lyrics_148,sample01_times.txt,file,OK,568,2025-09-22 11:21:27
lyrics_148,sample01_struct_time.json,file,OK,39,2025-09-22 11:21:28
lyrics_148,sample01_struct_label.json,file,OK,47,2025-09-22 11:21:28
lyrics_148,sample01.wav,file,OK,4803552,2025-09-22 11:21:42
lyrics_148,chord/chord_txt,dir,OK,1 files,
lyrics_148,chord/chord_btc_txt,dir,OK,1 files,
lyrics_149,sample01.mid,file,OK,1766,2025-09-22 11:22:30
lyrics_149,sample01.json,file,OK,34,2025-09-22 11:22:30
lyrics_149,sample01.txt,file,OK,326,2025-09-22 11:22:29
lyrics_149,sample01_times.txt,file,OK,567,2025-09-22 11:22:31
lyrics_149,sample01_struct_time.json,file,OK,39,2025-09-22 11:22:32
lyrics_149,sample01_struct_label.json,file,OK,47,2025-09-22 11:22:32
lyrics_149,sample01.wav,file,OK,4735706,2025-09-22 11:22:45
lyrics_149,chord/chord_txt,dir,OK,1 files,
lyrics_149,chord/chord_btc_txt,dir,OK,1 files,
lyrics_15,sample01.mid,file,OK,1853,2025-09-22 11:23:34
lyrics_15,sample01.json,file,OK,34,2025-09-22 11:23:34
lyrics_15,sample01.txt,file,OK,335,2025-09-22 11:23:33
lyrics_15,sample01_times.txt,file,OK,576,2025-09-22 11:23:35
lyrics_15,sample01_struct_time.json,file,OK,39,2025-09-22 11:23:35
lyrics_15,sample01_struct_label.json,file,OK,47,2025-09-22 11:23:35
lyrics_15,sample01.wav,file,OK,6271528,2025-09-22 11:23:50
lyrics_15,chord/chord_txt,dir,OK,1 files,
lyrics_15,chord/chord_btc_txt,dir,OK,1 files,
lyrics_150,sample01.mid,file,OK,1762,2025-09-22 11:24:38
lyrics_150,sample01.json,file,OK,34,2025-09-22 11:24:38
lyrics_150,sample01.txt,file,OK,326,2025-09-22 11:24:37
lyrics_150,sample01_times.txt,file,OK,567,2025-09-22 11:24:38
lyrics_150,sample01_struct_time.json,file,OK,39,2025-09-22 11:24:39
lyrics_150,sample01_struct_label.json,file,OK,47,2025-09-22 11:24:39
lyrics_150,sample01.wav,file,OK,5041014,2025-09-22 11:24:53
lyrics_150,chord/chord_txt,dir,OK,1 files,
lyrics_150,chord/chord_btc_txt,dir,OK,1 files,
lyrics_151,sample01.mid,file,OK,1785,2025-09-22 11:25:49
lyrics_151,sample01.json,file,OK,34,2025-09-22 11:25:49
lyrics_151,sample01.txt,file,OK,327,2025-09-22 11:25:48
lyrics_151,sample01_times.txt,file,OK,568,2025-09-22 11:25:50
lyrics_151,sample01_struct_time.json,file,OK,39,2025-09-22 11:25:51
lyrics_151,sample01_struct_label.json,file,OK,47,2025-09-22 11:25:51
lyrics_151,sample01.wav,file,OK,5134302,2025-09-22 11:26:05
lyrics_151,chord/chord_txt,dir,OK,1 files,
lyrics_151,chord/chord_btc_txt,dir,OK,1 files,
lyrics_152,sample01.mid,file,OK,1719,2025-09-22 11:26:53
lyrics_152,sample01.json,file,OK,34,2025-09-22 11:26:53
lyrics_152,sample01.txt,file,OK,322,2025-09-22 11:26:52
lyrics_152,sample01_times.txt,file,OK,563,2025-09-22 11:26:54
lyrics_152,sample01_struct_time.json,file,OK,39,2025-09-22 11:26:55
lyrics_152,sample01_struct_label.json,file,OK,47,2025-09-22 11:26:55
lyrics_152,sample01.wav,file,OK,5498976,2025-09-22 11:27:09
lyrics_152,chord/chord_txt,dir,OK,1 files,
lyrics_152,chord/chord_btc_txt,dir,OK,1 files,
lyrics_153,sample01.mid,file,OK,1718,2025-09-22 11:28:05
lyrics_153,sample01.json,file,OK,34,2025-09-22 11:28:05
lyrics_153,sample01.txt,file,OK,323,2025-09-22 11:28:04
lyrics_153,sample01_times.txt,file,OK,564,2025-09-22 11:28:06
lyrics_153,sample01_struct_time.json,file,OK,39,2025-09-22 11:28:06
lyrics_153,sample01_struct_label.json,file,OK,47,2025-09-22 11:28:06
lyrics_153,sample01.wav,file,OK,4430398,2025-09-22 11:28:20
lyrics_153,chord/chord_txt,dir,OK,1 files,
lyrics_153,chord/chord_btc_txt,dir,OK,1 files,
lyrics_154,sample01.mid,file,OK,1736,2025-09-22 11:29:13
lyrics_154,sample01.json,file,OK,34,2025-09-22 11:29:13
lyrics_154,sample01.txt,file,OK,324,2025-09-22 11:29:12
lyrics_154,sample01_times.txt,file,OK,565,2025-09-22 11:29:14
lyrics_154,sample01_struct_time.json,file,OK,37,2025-09-22 11:29:14
lyrics_154,sample01_struct_label.json,file,OK,47,2025-09-22 11:29:14
lyrics_154,sample01.wav,file,OK,5202148,2025-09-22 11:29:28
lyrics_154,chord/chord_txt,dir,OK,1 files,
lyrics_154,chord/chord_btc_txt,dir,OK,1 files,
lyrics_155,sample01.mid,file,OK,1674,2025-09-22 11:30:18
lyrics_155,sample01.json,file,OK,34,2025-09-22 11:30:18
lyrics_155,sample01.txt,file,OK,319,2025-09-22 11:30:17
lyrics_155,sample01_times.txt,file,OK,560,2025-09-22 11:30:19
lyrics_155,sample01_struct_time.json,file,OK,39,2025-09-22 11:30:19
lyrics_155,sample01_struct_label.json,file,OK,47,2025-09-22 11:30:19
lyrics_155,sample01.wav,file,OK,4888360,2025-09-22 11:30:33
lyrics_155,chord/chord_txt,dir,OK,1 files,
lyrics_155,chord/chord_btc_txt,dir,OK,1 files,
lyrics_156,sample01.mid,file,OK,1705,2025-09-22 11:31:25
lyrics_156,sample01.json,file,OK,34,2025-09-22 11:31:25
lyrics_156,sample01.txt,file,OK,319,2025-09-22 11:31:24
lyrics_156,sample01_times.txt,file,OK,560,2025-09-22 11:31:26
lyrics_156,sample01_struct_time.json,file,OK,39,2025-09-22 11:31:26
lyrics_156,sample01_struct_label.json,file,OK,47,2025-09-22 11:31:26
lyrics_156,sample01.wav,file,OK,4786590,2025-09-22 11:31:41
lyrics_156,chord/chord_txt,dir,OK,1 files,
lyrics_156,chord/chord_btc_txt,dir,OK,1 files,
lyrics_157,sample01.mid,file,OK,1795,2025-09-22 11:32:30
lyrics_157,sample01.json,file,OK,34,2025-09-22 11:32:30
lyrics_157,sample01.txt,file,OK,328,2025-09-22 11:32:29
lyrics_157,sample01_times.txt,file,OK,569,2025-09-22 11:32:31
lyrics_157,sample01_struct_time.json,file,OK,35,2025-09-22 11:32:31
lyrics_157,sample01_struct_label.json,file,OK,47,2025-09-22 11:32:31
lyrics_157,sample01.wav,file,OK,5498976,2025-09-22 11:32:46
lyrics_157,chord/chord_txt,dir,OK,1 files,
lyrics_157,chord/chord_btc_txt,dir,OK,1 files,
lyrics_158,sample01.mid,file,OK,1776,2025-09-22 11:33:36
lyrics_158,sample01.json,file,OK,34,2025-09-22 11:33:36
lyrics_158,sample01.txt,file,OK,327,2025-09-22 11:33:35
lyrics_158,sample01_times.txt,file,OK,568,2025-09-22 11:33:37
lyrics_158,sample01_struct_time.json,file,OK,39,2025-09-22 11:33:38
lyrics_158,sample01_struct_label.json,file,OK,47,2025-09-22 11:33:38
lyrics_158,sample01.wav,file,OK,5210630,2025-09-22 11:33:52
lyrics_158,chord/chord_txt,dir,OK,1 files,
lyrics_158,chord/chord_btc_txt,dir,OK,1 files,
lyrics_159,sample01.mid,file,OK,1729,2025-09-22 11:34:42
lyrics_159,sample01.json,file,OK,34,2025-09-22 11:34:42
lyrics_159,sample01.txt,file,OK,323,2025-09-22 11:34:41
lyrics_159,sample01_times.txt,file,OK,564,2025-09-22 11:34:43
lyrics_159,sample01_struct_time.json,file,OK,39,2025-09-22 11:34:44
lyrics_159,sample01_struct_label.json,file,OK,47,2025-09-22 11:34:44
lyrics_159,sample01.wav,file,OK,5465052,2025-09-22 11:34:57
lyrics_159,chord/chord_txt,dir,OK,1 files,
lyrics_159,chord/chord_btc_txt,dir,OK,1 files,
lyrics_16,sample01.mid,file,OK,1867,2025-09-22 11:35:46
lyrics_16,sample01.json,file,OK,34,2025-09-22 11:35:46
lyrics_16,sample01.txt,file,OK,338,2025-09-22 11:35:45
lyrics_16,sample01_times.txt,file,OK,579,2025-09-22 11:35:46
lyrics_16,sample01_struct_time.json,file,OK,39,2025-09-22 11:35:47
lyrics_16,sample01_struct_label.json,file,OK,47,2025-09-22 11:35:47
lyrics_16,sample01.wav,file,OK,5923370,2025-09-22 11:36:02
lyrics_16,chord/chord_txt,dir,OK,1 files,
lyrics_16,chord/chord_btc_txt,dir,OK,1 files,
lyrics_160,sample01.mid,file,OK,1792,2025-09-22 11:36:58
lyrics_160,sample01.json,file,OK,34,2025-09-22 11:36:58
lyrics_160,sample01.txt,file,OK,327,2025-09-22 11:36:57
lyrics_160,sample01_times.txt,file,OK,568,2025-09-22 11:36:59
lyrics_160,sample01_struct_time.json,file,OK,39,2025-09-22 11:36:59
lyrics_160,sample01_struct_label.json,file,OK,47,2025-09-22 11:36:59
lyrics_160,sample01.wav,file,OK,5566822,2025-09-22 11:37:13
lyrics_160,chord/chord_txt,dir,OK,1 files,
lyrics_160,chord/chord_btc_txt,dir,OK,1 files,
lyrics_161,sample01.mid,file,OK,1788,2025-09-22 11:38:05
lyrics_161,sample01.json,file,OK,34,2025-09-22 11:38:05
lyrics_161,sample01.txt,file,OK,328,2025-09-22 11:38:04
lyrics_161,sample01_times.txt,file,OK,569,2025-09-22 11:38:06
lyrics_161,sample01_struct_time.json,file,OK,39,2025-09-22 11:38:06
lyrics_161,sample01_struct_label.json,file,OK,47,2025-09-22 11:38:06
lyrics_161,sample01.wav,file,OK,5142782,2025-09-22 11:38:20
lyrics_161,chord/chord_txt,dir,OK,1 files,
lyrics_161,chord/chord_btc_txt,dir,OK,1 files,
lyrics_162,sample01.mid,file,OK,1743,2025-09-22 11:39:12
lyrics_162,sample01.json,file,OK,34,2025-09-22 11:39:12
lyrics_162,sample01.txt,file,OK,324,2025-09-22 11:39:12
lyrics_162,sample01_times.txt,file,OK,565,2025-09-22 11:39:13
lyrics_162,sample01_struct_time.json,file,OK,39,2025-09-22 11:39:14
lyrics_162,sample01_struct_label.json,file,OK,47,2025-09-22 11:39:14
lyrics_162,sample01.wav,file,OK,5414168,2025-09-22 11:39:28
lyrics_162,chord/chord_txt,dir,OK,1 files,
lyrics_162,chord/chord_btc_txt,dir,OK,1 files,
lyrics_163,sample01.mid,file,OK,1683,2025-09-22 11:40:17
lyrics_163,sample01.json,file,OK,34,2025-09-22 11:40:17
lyrics_163,sample01.txt,file,OK,319,2025-09-22 11:40:16
lyrics_163,sample01_times.txt,file,OK,560,2025-09-22 11:40:18
lyrics_163,sample01_struct_time.json,file,OK,39,2025-09-22 11:40:18
lyrics_163,sample01_struct_label.json,file,OK,47,2025-09-22 11:40:18
lyrics_163,sample01.wav,file,OK,4701782,2025-09-22 11:40:32
lyrics_163,chord/chord_txt,dir,OK,1 files,
lyrics_163,chord/chord_btc_txt,dir,OK,1 files,
lyrics_164,sample01.mid,file,OK,1717,2025-09-22 11:41:22
lyrics_164,sample01.json,file,OK,34,2025-09-22 11:41:22
lyrics_164,sample01.txt,file,OK,322,2025-09-22 11:41:21
lyrics_164,sample01_times.txt,file,OK,563,2025-09-22 11:41:23
lyrics_164,sample01_struct_time.json,file,OK,37,2025-09-22 11:41:24
lyrics_164,sample01_struct_label.json,file,OK,47,2025-09-22 11:41:24
lyrics_164,sample01.wav,file,OK,4905322,2025-09-22 11:41:38
lyrics_164,chord/chord_txt,dir,OK,1 files,
lyrics_164,chord/chord_btc_txt,dir,OK,1 files,
lyrics_165,sample01.mid,file,OK,1763,2025-09-22 11:42:35
lyrics_165,sample01.json,file,OK,34,2025-09-22 11:42:35
lyrics_165,sample01.txt,file,OK,327,2025-09-22 11:42:34
lyrics_165,sample01_times.txt,file,OK,568,2025-09-22 11:42:35
lyrics_165,sample01_struct_time.json,file,OK,39,2025-09-22 11:42:36
lyrics_165,sample01_struct_label.json,file,OK,47,2025-09-22 11:42:36
lyrics_165,sample01.wav,file,OK,4854436,2025-09-22 11:42:50
lyrics_165,chord/chord_txt,dir,OK,1 files,
lyrics_165,chord/chord_btc_txt,dir,OK,1 files,
lyrics_166,sample01.mid,file,OK,1768,2025-09-22 11:43:47
lyrics_166,sample01.json,file,OK,34,2025-09-22 11:43:47
lyrics_166,sample01.txt,file,OK,326,2025-09-22 11:43:46
lyrics_166,sample01_times.txt,file,OK,567,2025-09-22 11:43:48
lyrics_166,sample01_struct_time.json,file,OK,39,2025-09-22 11:43:48
lyrics_166,sample01_struct_label.json,file,OK,47,2025-09-22 11:43:48
lyrics_166,sample01.wav,file,OK,5685552,2025-09-22 11:44:03
lyrics_166,chord/chord_txt,dir,OK,1 files,
lyrics_166,chord/chord_btc_txt,dir,OK,1 files,
lyrics_167,sample01.mid,file,OK,1743,2025-09-22 11:44:52
lyrics_167,sample01.json,file,OK,34,2025-09-22 11:44:52
lyrics_167,sample01.txt,file,OK,324,2025-09-22 11:44:51
lyrics_167,sample01_times.txt,file,OK,565,2025-09-22 11:44:52
lyrics_167,sample01_struct_time.json,file,OK,39,2025-09-22 11:44:53
lyrics_167,sample01_struct_label.json,file,OK,47,2025-09-22 11:44:53
lyrics_167,sample01.wav,file,OK,5465052,2025-09-22 11:45:08
lyrics_167,chord/chord_txt,dir,OK,1 files,
lyrics_167,chord/chord_btc_txt,dir,OK,1 files,
lyrics_168,sample01.mid,file,OK,1751,2025-09-22 11:46:11
lyrics_168,sample01.json,file,OK,34,2025-09-22 11:46:11
lyrics_168,sample01.txt,file,OK,326,2025-09-22 11:46:10
lyrics_168,sample01_times.txt,file,OK,567,2025-09-22 11:46:12
lyrics_168,sample01_struct_time.json,file,OK,39,2025-09-22 11:46:13
lyrics_168,sample01_struct_label.json,file,OK,47,2025-09-22 11:46:13
lyrics_168,sample01.wav,file,OK,4973168,2025-09-22 11:46:27
lyrics_168,chord/chord_txt,dir,OK,1 files,
lyrics_168,chord/chord_btc_txt,dir,OK,1 files,
lyrics_169,sample01.mid,file,OK,1751,2025-09-22 11:47:22
lyrics_169,sample01.json,file,OK,34,2025-09-22 11:47:22
lyrics_169,sample01.txt,file,OK,323,2025-09-22 11:47:20
lyrics_169,sample01_times.txt,file,OK,564,2025-09-22 11:47:22
lyrics_169,sample01_struct_time.json,file,OK,39,2025-09-22 11:47:23
lyrics_169,sample01_struct_label.json,file,OK,47,2025-09-22 11:47:23
lyrics_169,sample01.wav,file,OK,5532898,2025-09-22 11:47:37
lyrics_169,chord/chord_txt,dir,OK,1 files,
lyrics_169,chord/chord_btc_txt,dir,OK,1 files,
lyrics_17,sample01.mid,file,OK,1826,2025-09-22 11:48:27
lyrics_17,sample01.json,file,OK,35,2025-09-22 11:48:27
lyrics_17,sample01.txt,file,OK,338,2025-09-22 11:48:26
lyrics_17,sample01_times.txt,file,OK,579,2025-09-22 11:48:28
lyrics_17,sample01_struct_time.json,file,OK,36,2025-09-22 11:48:28
lyrics_17,sample01_struct_label.json,file,OK,47,2025-09-22 11:48:28
lyrics_17,sample01.wav,file,OK,4263038,2025-09-22 11:48:42
lyrics_17,chord/chord_txt,dir,OK,1 files,
lyrics_17,chord/chord_btc_txt,dir,OK,1 files,
lyrics_170,sample01.mid,file,OK,1711,2025-09-22 11:49:39
lyrics_170,sample01.json,file,OK,34,2025-09-22 11:49:39
lyrics_170,sample01.txt,file,OK,321,2025-09-22 11:49:38
lyrics_170,sample01_times.txt,file,OK,562,2025-09-22 11:49:39
lyrics_170,sample01_struct_time.json,file,OK,39,2025-09-22 11:49:40
lyrics_170,sample01_struct_label.json,file,OK,47,2025-09-22 11:49:40
lyrics_170,sample01.wav,file,OK,5032532,2025-09-22 11:49:54
lyrics_170,chord/chord_txt,dir,OK,1 files,
lyrics_170,chord/chord_btc_txt,dir,OK,1 files,
lyrics_171,sample01.mid,file,OK,1719,2025-09-22 11:50:44
lyrics_171,sample01.json,file,OK,34,2025-09-22 11:50:44
lyrics_171,sample01.txt,file,OK,320,2025-09-22 11:50:43
lyrics_171,sample01_times.txt,file,OK,561,2025-09-22 11:50:44
lyrics_171,sample01_struct_time.json,file,OK,39,2025-09-22 11:50:45
lyrics_171,sample01_struct_label.json,file,OK,47,2025-09-22 11:50:45
lyrics_171,sample01.wav,file,OK,4684822,2025-09-22 11:51:00
lyrics_171,chord/chord_txt,dir,OK,1 files,
lyrics_171,chord/chord_btc_txt,dir,OK,1 files,
lyrics_172,sample01.mid,file,OK,1741,2025-09-22 11:51:55
lyrics_172,sample01.json,file,OK,34,2025-09-22 11:51:55
lyrics_172,sample01.txt,file,OK,325,2025-09-22 11:51:54
lyrics_172,sample01_times.txt,file,OK,566,2025-09-22 11:51:55
lyrics_172,sample01_struct_time.json,file,OK,39,2025-09-22 11:51:56
lyrics_172,sample01_struct_label.json,file,OK,47,2025-09-22 11:51:56
lyrics_172,sample01.wav,file,OK,4854436,2025-09-22 11:52:10
lyrics_172,chord/chord_txt,dir,OK,1 files,
lyrics_172,chord/chord_btc_txt,dir,OK,1 files,
lyrics_173,sample01.mid,file,OK,1757,2025-09-22 11:53:02
lyrics_173,sample01.json,file,OK,34,2025-09-22 11:53:02
lyrics_173,sample01.txt,file,OK,324,2025-09-22 11:53:01
lyrics_173,sample01_times.txt,file,OK,565,2025-09-22 11:53:03
lyrics_173,sample01_struct_time.json,file,OK,39,2025-09-22 11:53:04
lyrics_173,sample01_struct_label.json,file,OK,47,2025-09-22 11:53:04
lyrics_173,sample01.wav,file,OK,6109590,2025-09-22 11:53:18
lyrics_173,chord/chord_txt,dir,OK,1 files,
lyrics_173,chord/chord_btc_txt,dir,OK,1 files,
lyrics_174,sample01.mid,file,OK,1785,2025-09-22 11:54:12
lyrics_174,sample01.json,file,OK,34,2025-09-22 11:54:12
lyrics_174,sample01.txt,file,OK,327,2025-09-22 11:54:12
lyrics_174,sample01_times.txt,file,OK,568,2025-09-22 11:54:13
lyrics_174,sample01_struct_time.json,file,OK,39,2025-09-22 11:54:14
lyrics_174,sample01_struct_label.json,file,OK,47,2025-09-22 11:54:14
lyrics_174,sample01.wav,file,OK,5651630,2025-09-22 11:54:28
lyrics_174,chord/chord_txt,dir,OK,1 files,
lyrics_174,chord/chord_btc_txt,dir,OK,1 files,
lyrics_175,sample01.mid,file,OK,1763,2025-09-22 11:55:25
lyrics_175,sample01.json,file,OK,34,2025-09-22 11:55:25
lyrics_175,sample01.txt,file,OK,326,2025-09-22 11:55:24
lyrics_175,sample01_times.txt,file,OK,567,2025-09-22 11:55:26
lyrics_175,sample01_struct_time.json,file,OK,39,2025-09-22 11:55:26
lyrics_175,sample01_struct_label.json,file,OK,47,2025-09-22 11:55:26
lyrics_175,sample01.wav,file,OK,5074936,2025-09-22 11:55:41
lyrics_175,chord/chord_txt,dir,OK,1 files,
lyrics_175,chord/chord_btc_txt,dir,OK,1 files,
lyrics_176,sample01.mid,file,OK,1683,2025-09-22 11:56:38
lyrics_176,sample01.json,file,OK,34,2025-09-22 11:56:38
lyrics_176,sample01.txt,file,OK,319,2025-09-22 11:56:37
lyrics_176,sample01_times.txt,file,OK,560,2025-09-22 11:56:38
lyrics_176,sample01_struct_time.json,file,OK,39,2025-09-22 11:56:39
lyrics_176,sample01_struct_label.json,file,OK,47,2025-09-22 11:56:39
lyrics_176,sample01.wav,file,OK,4837476,2025-09-22 11:56:54
lyrics_176,chord/chord_txt,dir,OK,1 files,
lyrics_176,chord/chord_btc_txt,dir,OK,1 files,
lyrics_177,sample01.mid,file,OK,1730,2025-09-22 11:57:44
lyrics_177,sample01.json,file,OK,34,2025-09-22 11:57:44
lyrics_177,sample01.txt,file,OK,323,2025-09-22 11:57:43
lyrics_177,sample01_times.txt,file,OK,564,2025-09-22 11:57:45
lyrics_177,sample01_struct_time.json,file,OK,37,2025-09-22 11:57:45
lyrics_177,sample01_struct_label.json,file,OK,47,2025-09-22 11:57:45
lyrics_177,sample01.wav,file,OK,5159744,2025-09-22 11:58:00
lyrics_177,chord/chord_txt,dir,OK,1 files,
lyrics_177,chord/chord_btc_txt,dir,OK,1 files,
lyrics_178,sample01.mid,file,OK,1742,2025-09-22 11:58:49
lyrics_178,sample01.json,file,OK,34,2025-09-22 11:58:49
lyrics_178,sample01.txt,file,OK,323,2025-09-22 11:58:48
lyrics_178,sample01_times.txt,file,OK,564,2025-09-22 11:58:49
lyrics_178,sample01_struct_time.json,file,OK,39,2025-09-22 11:58:50
lyrics_178,sample01_struct_label.json,file,OK,47,2025-09-22 11:58:50
lyrics_178,sample01.wav,file,OK,5583784,2025-09-22 11:59:05
lyrics_178,chord/chord_txt,dir,OK,1 files,
lyrics_178,chord/chord_btc_txt,dir,OK,1 files,
lyrics_179,sample01.mid,file,OK,1777,2025-09-23 01:44:30
lyrics_179,sample01.json,file,OK,34,2025-09-23 01:44:30
lyrics_179,sample01.txt,file,OK,327,2025-09-23 01:44:29
lyrics_179,sample01_times.txt,file,OK,568,2025-09-23 01:44:30
lyrics_179,sample01_struct_time.json,file,OK,39,2025-09-23 01:44:31
lyrics_179,sample01_struct_label.json,file,OK,47,2025-09-23 01:44:31
lyrics_179,sample01.wav,file,OK,4684822,2025-09-23 01:44:45
lyrics_179,chord/chord_txt,dir,OK,1 files,
lyrics_179,chord/chord_btc_txt,dir,OK,1 files,
lyrics_18,sample01.mid,file,OK,1825,2025-09-22 12:01:03
lyrics_18,sample01.json,file,OK,35,2025-09-22 12:01:03
lyrics_18,sample01.txt,file,OK,334,2025-09-22 12:01:01
lyrics_18,sample01_times.txt,file,OK,575,2025-09-22 12:01:04
lyrics_18,sample01_struct_time.json,file,OK,36,2025-09-22 12:01:04
lyrics_18,sample01_struct_label.json,file,OK,47,2025-09-22 12:01:04
lyrics_18,sample01.wav,file,OK,4537438,2025-09-22 12:01:26
lyrics_18,chord/chord_txt,dir,OK,1 files,
lyrics_18,chord/chord_btc_txt,dir,OK,1 files,
lyrics_180,sample01.mid,file,OK,1741,2025-09-22 12:02:29
lyrics_180,sample01.json,file,OK,34,2025-09-22 12:02:29
lyrics_180,sample01.txt,file,OK,324,2025-09-22 12:02:28
lyrics_180,sample01_times.txt,file,OK,565,2025-09-22 12:02:30
lyrics_180,sample01_struct_time.json,file,OK,39,2025-09-22 12:02:30
lyrics_180,sample01_struct_label.json,file,OK,47,2025-09-22 12:02:30
lyrics_180,sample01.wav,file,OK,5346322,2025-09-22 12:02:46
lyrics_180,chord/chord_txt,dir,OK,1 files,
lyrics_180,chord/chord_btc_txt,dir,OK,1 files,
lyrics_181,sample01.mid,file,OK,1758,2025-09-22 12:03:37
lyrics_181,sample01.json,file,OK,34,2025-09-22 12:03:37
lyrics_181,sample01.txt,file,OK,325,2025-09-22 12:03:36
lyrics_181,sample01_times.txt,file,OK,566,2025-09-22 12:03:39
lyrics_181,sample01_struct_time.json,file,OK,39,2025-09-22 12:03:40
lyrics_181,sample01_struct_label.json,file,OK,47,2025-09-22 12:03:40
lyrics_181,sample01.wav,file,OK,6177438,2025-09-22 12:03:54
lyrics_181,chord/chord_txt,dir,OK,1 files,
lyrics_181,chord/chord_btc_txt,dir,OK,1 files,
lyrics_182,sample01.mid,file,OK,1728,2025-09-22 12:04:53
lyrics_182,sample01.json,file,OK,34,2025-09-22 12:04:53
lyrics_182,sample01.txt,file,OK,323,2025-09-22 12:04:52
lyrics_182,sample01_times.txt,file,OK,564,2025-09-22 12:04:54
lyrics_182,sample01_struct_time.json,file,OK,35,2025-09-22 12:04:55
lyrics_182,sample01_struct_label.json,file,OK,47,2025-09-22 12:04:55
lyrics_182,sample01.wav,file,OK,5482014,2025-09-22 12:05:10
lyrics_182,chord/chord_txt,dir,OK,1 files,
lyrics_182,chord/chord_btc_txt,dir,OK,1 files,
lyrics_183,sample01.mid,file,OK,1714,2025-09-22 12:06:00
lyrics_183,sample01.json,file,OK,34,2025-09-22 12:06:00
lyrics_183,sample01.txt,file,OK,321,2025-09-22 12:05:59
lyrics_183,sample01_times.txt,file,OK,562,2025-09-22 12:06:01
lyrics_183,sample01_struct_time.json,file,OK,39,2025-09-22 12:06:01
lyrics_183,sample01_struct_label.json,file,OK,47,2025-09-22 12:06:01
lyrics_183,sample01.wav,file,OK,5244552,2025-09-22 12:06:16
lyrics_183,chord/chord_txt,dir,OK,1 files,
lyrics_183,chord/chord_btc_txt,dir,OK,1 files,
lyrics_184,sample01.mid,file,OK,1696,2025-09-22 12:07:10
lyrics_184,sample01.json,file,OK,34,2025-09-22 12:07:10
lyrics_184,sample01.txt,file,OK,321,2025-09-22 12:07:09
lyrics_184,sample01_times.txt,file,OK,562,2025-09-22 12:07:11
lyrics_184,sample01_struct_time.json,file,OK,37,2025-09-22 12:07:11
lyrics_184,sample01_struct_label.json,file,OK,47,2025-09-22 12:07:11
lyrics_184,sample01.wav,file,OK,4786590,2025-09-22 12:07:25
lyrics_184,chord/chord_txt,dir,OK,1 files,
lyrics_184,chord/chord_btc_txt,dir,OK,1 files,
lyrics_185,sample01.mid,file,OK,1730,2025-09-23 01:49:16
lyrics_185,sample01.json,file,OK,34,2025-09-23 01:49:16
lyrics_185,sample01.txt,file,OK,323,2025-09-23 01:49:15
lyrics_185,sample01_times.txt,file,OK,564,2025-09-23 01:49:16
lyrics_185,sample01_struct_time.json,file,OK,39,2025-09-23 01:49:17
lyrics_185,sample01_struct_label.json,file,OK,47,2025-09-23 01:49:17
lyrics_185,sample01.wav,file,OK,4820514,2025-09-23 01:49:32
lyrics_185,chord/chord_txt,dir,OK,1 files,
lyrics_185,chord/chord_btc_txt,dir,OK,1 files,
lyrics_186,sample01.mid,file,OK,1753,2025-09-22 12:09:22
lyrics_186,sample01.json,file,OK,34,2025-09-22 12:09:22
lyrics_186,sample01.txt,file,OK,326,2025-09-22 12:09:21
lyrics_186,sample01_times.txt,file,OK,567,2025-09-22 12:09:23
lyrics_186,sample01_struct_time.json,file,OK,39,2025-09-22 12:09:24
lyrics_186,sample01_struct_label.json,file,OK,47,2025-09-22 12:09:24
lyrics_186,sample01.wav,file,OK,5024052,2025-09-22 12:09:38
lyrics_186,chord/chord_txt,dir,OK,1 files,
lyrics_186,chord/chord_btc_txt,dir,OK,1 files,
lyrics_187,sample01.mid,file,OK,1722,2025-09-22 12:10:34
lyrics_187,sample01.json,file,OK,34,2025-09-22 12:10:34
lyrics_187,sample01.txt,file,OK,321,2025-09-22 12:10:33
lyrics_187,sample01_times.txt,file,OK,562,2025-09-22 12:10:34
lyrics_187,sample01_struct_time.json,file,OK,39,2025-09-22 12:10:35
lyrics_187,sample01_struct_label.json,file,OK,47,2025-09-22 12:10:35
lyrics_187,sample01.wav,file,OK,5329360,2025-09-22 12:10:49
lyrics_187,chord/chord_txt,dir,OK,1 files,
lyrics_187,chord/chord_btc_txt,dir,OK,1 files,
lyrics_188,sample01.mid,file,OK,1713,2025-09-22 12:11:41
lyrics_188,sample01.json,file,OK,34,2025-09-22 12:11:41
lyrics_188,sample01.txt,file,OK,321,2025-09-22 12:11:40
lyrics_188,sample01_times.txt,file,OK,562,2025-09-22 12:11:41
lyrics_188,sample01_struct_time.json,file,OK,39,2025-09-22 12:11:42
lyrics_188,sample01_struct_label.json,file,OK,47,2025-09-22 12:11:42
lyrics_188,sample01.wav,file,OK,4667860,2025-09-22 12:11:56
lyrics_188,chord/chord_txt,dir,OK,1 files,
lyrics_188,chord/chord_btc_txt,dir,OK,1 files,
lyrics_189,sample01.mid,file,OK,1702,2025-09-22 12:12:45
lyrics_189,sample01.json,file,OK,34,2025-09-22 12:12:45
lyrics_189,sample01.txt,file,OK,321,2025-09-22 12:12:44
lyrics_189,sample01_times.txt,file,OK,562,2025-09-22 12:12:46
lyrics_189,sample01_struct_time.json,file,OK,37,2025-09-22 12:12:46
lyrics_189,sample01_struct_label.json,file,OK,47,2025-09-22 12:12:46
lyrics_189,sample01.wav,file,OK,4956206,2025-09-22 12:13:00
lyrics_189,chord/chord_txt,dir,OK,1 files,
lyrics_189,chord/chord_btc_txt,dir,OK,1 files,
lyrics_19,sample01.mid,file,OK,1844,2025-09-22 12:13:49
lyrics_19,sample01.json,file,OK,34,2025-09-22 12:13:49
lyrics_19,sample01.txt,file,OK,341,2025-09-22 12:13:48
lyrics_19,sample01_times.txt,file,OK,582,2025-09-22 12:13:50
lyrics_19,sample01_struct_time.json,file,OK,39,2025-09-22 12:13:51
lyrics_19,sample01_struct_label.json,file,OK,47,2025-09-22 12:13:51
lyrics_19,sample01.wav,file,OK,6669322,2025-09-22 12:14:04
lyrics_19,chord/chord_txt,dir,OK,1 files,
lyrics_19,chord/chord_btc_txt,dir,OK,1 files,
lyrics_190,sample01.mid,file,OK,1755,2025-09-22 12:14:58
lyrics_190,sample01.json,file,OK,34,2025-09-22 12:14:58
lyrics_190,sample01.txt,file,OK,325,2025-09-22 12:14:57
lyrics_190,sample01_times.txt,file,OK,566,2025-09-22 12:14:58
lyrics_190,sample01_struct_time.json,file,OK,39,2025-09-22 12:14:59
lyrics_190,sample01_struct_label.json,file,OK,47,2025-09-22 12:14:59
lyrics_190,sample01.wav,file,OK,4583052,2025-09-22 12:15:13
lyrics_190,chord/chord_txt,dir,OK,1 files,
lyrics_190,chord/chord_btc_txt,dir,OK,1 files,
lyrics_191,sample01.mid,file,OK,1704,2025-09-22 12:16:01
lyrics_191,sample01.json,file,OK,34,2025-09-22 12:16:01
lyrics_191,sample01.txt,file,OK,322,2025-09-22 12:16:01
lyrics_191,sample01_times.txt,file,OK,563,2025-09-22 12:16:02
lyrics_191,sample01_struct_time.json,file,OK,39,2025-09-22 12:16:03
lyrics_191,sample01_struct_label.json,file,OK,47,2025-09-22 12:16:03
lyrics_191,sample01.wav,file,OK,4464322,2025-09-22 12:16:17
lyrics_191,chord/chord_txt,dir,OK,1 files,
lyrics_191,chord/chord_btc_txt,dir,OK,1 files,
lyrics_192,sample01.mid,file,OK,1782,2025-09-22 12:17:06
lyrics_192,sample01.json,file,OK,34,2025-09-22 12:17:06
lyrics_192,sample01.txt,file,OK,327,2025-09-22 12:17:05
lyrics_192,sample01_times.txt,file,OK,568,2025-09-22 12:17:07
lyrics_192,sample01_struct_time.json,file,OK,39,2025-09-22 12:17:07
lyrics_192,sample01_struct_label.json,file,OK,47,2025-09-22 12:17:07
lyrics_192,sample01.wav,file,OK,4964686,2025-09-22 12:17:21
lyrics_192,chord/chord_txt,dir,OK,1 files,
lyrics_192,chord/chord_btc_txt,dir,OK,1 files,
lyrics_193,sample01.mid,file,OK,1695,2025-09-22 12:18:10
lyrics_193,sample01.json,file,OK,34,2025-09-22 12:18:10
lyrics_193,sample01.txt,file,OK,320,2025-09-22 12:18:09
lyrics_193,sample01_times.txt,file,OK,561,2025-09-22 12:18:10
lyrics_193,sample01_struct_time.json,file,OK,39,2025-09-22 12:18:11
lyrics_193,sample01_struct_label.json,file,OK,47,2025-09-22 12:18:11
lyrics_193,sample01.wav,file,OK,5214870,2025-09-22 12:18:25
lyrics_193,chord/chord_txt,dir,OK,1 files,
lyrics_193,chord/chord_btc_txt,dir,OK,1 files,
lyrics_194,sample01.mid,file,OK,1730,2025-09-22 12:19:14
lyrics_194,sample01.json,file,OK,34,2025-09-22 12:19:14
lyrics_194,sample01.txt,file,OK,323,2025-09-22 12:19:12
lyrics_194,sample01_times.txt,file,OK,564,2025-09-22 12:19:14
lyrics_194,sample01_struct_time.json,file,OK,39,2025-09-22 12:19:15
lyrics_194,sample01_struct_label.json,file,OK,47,2025-09-22 12:19:15
lyrics_194,sample01.wav,file,OK,5329360,2025-09-22 12:19:29
lyrics_194,chord/chord_txt,dir,OK,1 files,
lyrics_194,chord/chord_btc_txt,dir,OK,1 files,
lyrics_195,sample01.mid,file,OK,1779,2025-09-22 12:20:18
lyrics_195,sample01.json,file,OK,34,2025-09-22 12:20:18
lyrics_195,sample01.txt,file,OK,327,2025-09-22 12:20:17
lyrics_195,sample01_times.txt,file,OK,568,2025-09-22 12:20:18
lyrics_195,sample01_struct_time.json,file,OK,39,2025-09-22 12:20:19
lyrics_195,sample01_struct_label.json,file,OK,47,2025-09-22 12:20:19
lyrics_195,sample01.wav,file,OK,5727956,2025-09-22 12:20:33
lyrics_195,chord/chord_txt,dir,OK,1 files,
lyrics_195,chord/chord_btc_txt,dir,OK,1 files,
lyrics_196,sample01.mid,file,OK,1725,2025-09-22 12:21:21
lyrics_196,sample01.json,file,OK,34,2025-09-22 12:21:21
lyrics_196,sample01.txt,file,OK,323,2025-09-22 12:21:20
lyrics_196,sample01_times.txt,file,OK,564,2025-09-22 12:21:22
lyrics_196,sample01_struct_time.json,file,OK,39,2025-09-22 12:21:23
lyrics_196,sample01_struct_label.json,file,OK,47,2025-09-22 12:21:23
lyrics_196,sample01.wav,file,OK,4973168,2025-09-22 12:21:36
lyrics_196,chord/chord_txt,dir,OK,1 files,
lyrics_196,chord/chord_btc_txt,dir,OK,1 files,
lyrics_197,sample01.mid,file,OK,1768,2025-09-22 12:22:48
lyrics_197,sample01.json,file,OK,34,2025-09-22 12:22:48
lyrics_197,sample01.txt,file,OK,326,2025-09-22 12:22:47
lyrics_197,sample01_times.txt,file,OK,567,2025-09-22 12:22:49
lyrics_197,sample01_struct_time.json,file,OK,39,2025-09-22 12:22:49
lyrics_197,sample01_struct_label.json,file,OK,47,2025-09-22 12:22:49
lyrics_197,sample01.wav,file,OK,5320880,2025-09-22 12:23:04
lyrics_197,chord/chord_txt,dir,OK,1 files,
lyrics_197,chord/chord_btc_txt,dir,OK,1 files,
lyrics_198,sample01.mid,file,OK,1708,2025-09-22 12:23:53
lyrics_198,sample01.json,file,OK,34,2025-09-22 12:23:53
lyrics_198,sample01.txt,file,OK,321,2025-09-22 12:23:52
lyrics_198,sample01_times.txt,file,OK,562,2025-09-22 12:23:54
lyrics_198,sample01_struct_time.json,file,OK,39,2025-09-22 12:23:55
lyrics_198,sample01_struct_label.json,file,OK,47,2025-09-22 12:23:55
lyrics_198,sample01.wav,file,OK,4939244,2025-09-22 12:24:09
lyrics_198,chord/chord_txt,dir,OK,1 files,
lyrics_198,chord/chord_btc_txt,dir,OK,1 files,
lyrics_199,sample01.mid,file,OK,1705,2025-09-22 12:24:57
lyrics_199,sample01.json,file,OK,34,2025-09-22 12:24:57
lyrics_199,sample01.txt,file,OK,321,2025-09-22 12:24:56
lyrics_199,sample01_times.txt,file,OK,562,2025-09-22 12:24:58
lyrics_199,sample01_struct_time.json,file,OK,39,2025-09-22 12:24:59
lyrics_199,sample01_struct_label.json,file,OK,47,2025-09-22 12:24:59
lyrics_199,sample01.wav,file,OK,5380244,2025-09-22 12:25:13
lyrics_199,chord/chord_txt,dir,OK,1 files,
lyrics_199,chord/chord_btc_txt,dir,OK,1 files,
lyrics_2,sample01.mid,file,OK,1851,2025-09-22 12:26:04
lyrics_2,sample01.json,file,OK,34,2025-09-22 12:26:04
lyrics_2,sample01.txt,file,OK,345,2025-09-22 12:26:03
lyrics_2,sample01_times.txt,file,OK,586,2025-09-22 12:26:05
lyrics_2,sample01_struct_time.json,file,OK,39,2025-09-22 12:26:06
lyrics_2,sample01_struct_label.json,file,OK,47,2025-09-22 12:26:06
lyrics_2,sample01.wav,file,OK,5337840,2025-09-22 12:26:21
lyrics_2,chord/chord_txt,dir,OK,1 files,
lyrics_2,chord/chord_btc_txt,dir,OK,1 files,
lyrics_20,sample01.mid,file,OK,1882,2025-09-22 12:27:11
lyrics_20,sample01.json,file,OK,34,2025-09-22 12:27:11
lyrics_20,sample01.txt,file,OK,339,2025-09-22 12:27:10
lyrics_20,sample01_times.txt,file,OK,580,2025-09-22 12:27:11
lyrics_20,sample01_struct_time.json,file,OK,39,2025-09-22 12:27:12
lyrics_20,sample01_struct_label.json,file,OK,47,2025-09-22 12:27:12
lyrics_20,sample01.wav,file,OK,5993002,2025-09-22 12:27:26
lyrics_20,chord/chord_txt,dir,OK,1 files,
lyrics_20,chord/chord_btc_txt,dir,OK,1 files,
lyrics_21,sample01.mid,file,OK,1731,2025-09-22 12:28:16
lyrics_21,sample01.json,file,OK,34,2025-09-22 12:28:16
lyrics_21,sample01.txt,file,OK,330,2025-09-22 12:28:15
lyrics_21,sample01_times.txt,file,OK,571,2025-09-22 12:28:16
lyrics_21,sample01_struct_time.json,file,OK,39,2025-09-22 12:28:17
lyrics_21,sample01_struct_label.json,file,OK,47,2025-09-22 12:28:17
lyrics_21,sample01.wav,file,OK,5227590,2025-09-22 12:28:30
lyrics_21,chord/chord_txt,dir,OK,1 files,
lyrics_21,chord/chord_btc_txt,dir,OK,1 files,
lyrics_22,sample01.mid,file,OK,1890,2025-09-22 12:29:20
lyrics_22,sample01.json,file,OK,34,2025-09-22 12:29:20
lyrics_22,sample01.txt,file,OK,340,2025-09-22 12:29:18
lyrics_22,sample01_times.txt,file,OK,581,2025-09-22 12:29:20
lyrics_22,sample01_struct_time.json,file,OK,39,2025-09-22 12:29:21
lyrics_22,sample01_struct_label.json,file,OK,47,2025-09-22 12:29:21
lyrics_22,sample01.wav,file,OK,6048706,2025-09-22 12:29:35
lyrics_22,chord/chord_txt,dir,OK,1 files,
lyrics_22,chord/chord_btc_txt,dir,OK,1 files,
lyrics_23,sample01.mid,file,OK,1840,2025-09-22 12:30:25
lyrics_23,sample01.json,file,OK,34,2025-09-22 12:30:25
lyrics_23,sample01.txt,file,OK,334,2025-09-22 12:30:24
lyrics_23,sample01_times.txt,file,OK,575,2025-09-22 12:30:26
lyrics_23,sample01_struct_time.json,file,OK,39,2025-09-22 12:30:26
lyrics_23,sample01_struct_label.json,file,OK,47,2025-09-22 12:30:26
lyrics_23,sample01.wav,file,OK,5909444,2025-09-22 12:30:40
lyrics_23,chord/chord_txt,dir,OK,1 files,
lyrics_23,chord/chord_btc_txt,dir,OK,1 files,
lyrics_24,sample01.mid,file,OK,1845,2025-09-22 12:31:29
lyrics_24,sample01.json,file,OK,34,2025-09-22 12:31:29
lyrics_24,sample01.txt,file,OK,340,2025-09-22 12:31:28
lyrics_24,sample01_times.txt,file,OK,581,2025-09-22 12:31:30
lyrics_24,sample01_struct_time.json,file,OK,39,2025-09-22 12:31:30
lyrics_24,sample01_struct_label.json,file,OK,47,2025-09-22 12:31:30
lyrics_24,sample01.wav,file,OK,5744918,2025-09-22 12:31:44
lyrics_24,chord/chord_txt,dir,OK,1 files,
lyrics_24,chord/chord_btc_txt,dir,OK,1 files,
lyrics_25,sample01.mid,file,OK,2113,2025-09-22 12:32:35
lyrics_25,sample01.json,file,OK,34,2025-09-22 12:32:35
lyrics_25,sample01.txt,file,OK,352,2025-09-22 12:32:35
lyrics_25,sample01_times.txt,file,OK,593,2025-09-22 12:32:36
lyrics_25,sample01_struct_time.json,file,OK,50,2025-09-22 12:32:37
lyrics_25,sample01_struct_label.json,file,OK,58,2025-09-22 12:32:37
lyrics_25,sample01.wav,file,OK,11168364,2025-09-22 12:32:52
lyrics_25,chord/chord_txt,dir,OK,1 files,
lyrics_25,chord/chord_btc_txt,dir,OK,1 files,
lyrics_26,sample01.mid,file,OK,1809,2025-09-22 12:33:46
lyrics_26,sample01.json,file,OK,34,2025-09-22 12:33:46
lyrics_26,sample01.txt,file,OK,331,2025-09-22 12:33:45
lyrics_26,sample01_times.txt,file,OK,572,2025-09-22 12:33:46
lyrics_26,sample01_struct_time.json,file,OK,39,2025-09-22 12:33:47
lyrics_26,sample01_struct_label.json,file,OK,47,2025-09-22 12:33:47
lyrics_26,sample01.wav,file,OK,5630918,2025-09-22 12:34:01
lyrics_26,chord/chord_txt,dir,OK,1 files,
lyrics_26,chord/chord_btc_txt,dir,OK,1 files,
lyrics_27,sample01.mid,file,OK,1789,2025-09-22 12:34:49
lyrics_27,sample01.json,file,OK,34,2025-09-22 12:34:49
lyrics_27,sample01.txt,file,OK,331,2025-09-22 12:34:48
lyrics_27,sample01_times.txt,file,OK,572,2025-09-22 12:34:50
lyrics_27,sample01_struct_time.json,file,OK,39,2025-09-22 12:34:50
lyrics_27,sample01_struct_label.json,file,OK,47,2025-09-22 12:34:50
lyrics_27,sample01.wav,file,OK,5329360,2025-09-22 12:35:04
lyrics_27,chord/chord_txt,dir,OK,1 files,
lyrics_27,chord/chord_btc_txt,dir,OK,1 files,
lyrics_28,sample01.mid,file,OK,1770,2025-09-22 12:35:55
lyrics_28,sample01.json,file,OK,34,2025-09-22 12:35:55
lyrics_28,sample01.txt,file,OK,335,2025-09-22 12:35:54
lyrics_28,sample01_times.txt,file,OK,576,2025-09-22 12:35:56
lyrics_28,sample01_struct_time.json,file,OK,39,2025-09-22 12:35:57
lyrics_28,sample01_struct_label.json,file,OK,47,2025-09-22 12:35:57
lyrics_28,sample01.wav,file,OK,5532898,2025-09-22 12:36:10
lyrics_28,chord/chord_txt,dir,OK,1 files,
lyrics_28,chord/chord_btc_txt,dir,OK,1 files,
lyrics_29,sample01.mid,file,OK,1761,2025-09-22 12:36:59
lyrics_29,sample01.json,file,OK,34,2025-09-22 12:36:59
lyrics_29,sample01.txt,file,OK,326,2025-09-22 12:36:58
lyrics_29,sample01_times.txt,file,OK,567,2025-09-22 12:36:59
lyrics_29,sample01_struct_time.json,file,OK,39,2025-09-22 12:37:00
lyrics_29,sample01_struct_label.json,file,OK,47,2025-09-22 12:37:00
lyrics_29,sample01.wav,file,OK,4812032,2025-09-22 12:37:14
lyrics_29,chord/chord_txt,dir,OK,1 files,
lyrics_29,chord/chord_btc_txt,dir,OK,1 files,
lyrics_3,sample01.mid,file,OK,1958,2025-09-22 12:38:03
lyrics_3,sample01.json,file,OK,34,2025-09-22 12:38:03
lyrics_3,sample01.txt,file,OK,352,2025-09-22 12:38:02
lyrics_3,sample01_times.txt,file,OK,593,2025-09-22 12:38:04
lyrics_3,sample01_struct_time.json,file,OK,39,2025-09-22 12:38:05
lyrics_3,sample01_struct_label.json,file,OK,47,2025-09-22 12:38:05
lyrics_3,sample01.wav,file,OK,6494348,2025-09-22 12:38:19
lyrics_3,chord/chord_txt,dir,OK,1 files,
lyrics_3,chord/chord_btc_txt,dir,OK,1 files,
lyrics_30,sample01.mid,file,OK,1902,2025-09-22 12:39:08
lyrics_30,sample01.json,file,OK,34,2025-09-22 12:39:08
lyrics_30,sample01.txt,file,OK,342,2025-09-22 12:39:07
lyrics_30,sample01_times.txt,file,OK,583,2025-09-22 12:39:08
lyrics_30,sample01_struct_time.json,file,OK,37,2025-09-22 12:39:09
lyrics_30,sample01_struct_label.json,file,OK,47,2025-09-22 12:39:09
lyrics_30,sample01.wav,file,OK,6215822,2025-09-22 12:39:23
lyrics_30,chord/chord_txt,dir,OK,1 files,
lyrics_30,chord/chord_btc_txt,dir,OK,1 files,
lyrics_31,sample01.mid,file,OK,1749,2025-09-22 12:40:11
lyrics_31,sample01.json,file,OK,34,2025-09-22 12:40:11
lyrics_31,sample01.txt,file,OK,324,2025-09-22 12:40:10
lyrics_31,sample01_times.txt,file,OK,565,2025-09-22 12:40:12
lyrics_31,sample01_struct_time.json,file,OK,39,2025-09-22 12:40:13
lyrics_31,sample01_struct_label.json,file,OK,47,2025-09-22 12:40:13
lyrics_31,sample01.wav,file,OK,4515206,2025-09-22 12:40:27
lyrics_31,chord/chord_txt,dir,OK,1 files,
lyrics_31,chord/chord_btc_txt,dir,OK,1 files,
lyrics_32,sample01.mid,file,OK,1808,2025-09-22 12:41:16
lyrics_32,sample01.json,file,OK,34,2025-09-22 12:41:16
lyrics_32,sample01.txt,file,OK,330,2025-09-22 12:41:15
lyrics_32,sample01_times.txt,file,OK,571,2025-09-22 12:41:16
lyrics_32,sample01_struct_time.json,file,OK,39,2025-09-22 12:41:17
lyrics_32,sample01_struct_label.json,file,OK,47,2025-09-22 12:41:17
lyrics_32,sample01.wav,file,OK,5909444,2025-09-22 12:41:31
lyrics_32,chord/chord_txt,dir,OK,1 files,
lyrics_32,chord/chord_btc_txt,dir,OK,1 files,
lyrics_33,sample01.mid,file,OK,1948,2025-09-22 12:42:20
lyrics_33,sample01.json,file,OK,34,2025-09-22 12:42:20
lyrics_33,sample01.txt,file,OK,350,2025-09-22 12:42:19
lyrics_33,sample01_times.txt,file,OK,591,2025-09-22 12:42:21
lyrics_33,sample01_struct_time.json,file,OK,39,2025-09-22 12:42:22
lyrics_33,sample01_struct_label.json,file,OK,47,2025-09-22 12:42:22
lyrics_33,sample01.wav,file,OK,6243676,2025-09-22 12:42:36
lyrics_33,chord/chord_txt,dir,OK,1 files,
lyrics_33,chord/chord_btc_txt,dir,OK,1 files,
lyrics_34,sample01.mid,file,OK,1772,2025-09-22 12:43:25
lyrics_34,sample01.json,file,OK,34,2025-09-22 12:43:25
lyrics_34,sample01.txt,file,OK,333,2025-09-22 12:43:24
lyrics_34,sample01_times.txt,file,OK,574,2025-09-22 12:43:25
lyrics_34,sample01_struct_time.json,file,OK,37,2025-09-22 12:43:26
lyrics_34,sample01_struct_label.json,file,OK,47,2025-09-22 12:43:26
lyrics_34,sample01.wav,file,OK,4990130,2025-09-22 12:43:40
lyrics_34,chord/chord_txt,dir,OK,1 files,
lyrics_34,chord/chord_btc_txt,dir,OK,1 files,
lyrics_35,sample01.mid,file,OK,1785,2025-09-22 12:44:30
lyrics_35,sample01.json,file,OK,34,2025-09-22 12:44:30
lyrics_35,sample01.txt,file,OK,332,2025-09-22 12:44:29
lyrics_35,sample01_times.txt,file,OK,573,2025-09-22 12:44:31
lyrics_35,sample01_struct_time.json,file,OK,39,2025-09-22 12:44:31
lyrics_35,sample01_struct_label.json,file,OK,47,2025-09-22 12:44:31
lyrics_35,sample01.wav,file,OK,5074936,2025-09-22 12:44:45
lyrics_35,chord/chord_txt,dir,OK,1 files,
lyrics_35,chord/chord_btc_txt,dir,OK,1 files,
lyrics_36,sample01.mid,file,OK,1736,2025-09-22 12:45:33
lyrics_36,sample01.json,file,OK,34,2025-09-22 12:45:33
lyrics_36,sample01.txt,file,OK,333,2025-09-22 12:45:32
lyrics_36,sample01_times.txt,file,OK,574,2025-09-22 12:45:34
lyrics_36,sample01_struct_time.json,file,OK,39,2025-09-22 12:45:34
lyrics_36,sample01_struct_label.json,file,OK,47,2025-09-22 12:45:34
lyrics_36,sample01.wav,file,OK,4956206,2025-09-22 12:45:48
lyrics_36,chord/chord_txt,dir,OK,1 files,
lyrics_36,chord/chord_btc_txt,dir,OK,1 files,
lyrics_37,sample01.mid,file,OK,1782,2025-09-22 12:46:40
lyrics_37,sample01.json,file,OK,34,2025-09-22 12:46:40
lyrics_37,sample01.txt,file,OK,335,2025-09-22 12:46:39
lyrics_37,sample01_times.txt,file,OK,576,2025-09-22 12:46:41
lyrics_37,sample01_struct_time.json,file,OK,39,2025-09-22 12:46:42
lyrics_37,sample01_struct_label.json,file,OK,47,2025-09-22 12:46:42
lyrics_37,sample01.wav,file,OK,5244552,2025-09-22 12:46:56
lyrics_37,chord/chord_txt,dir,OK,1 files,
lyrics_37,chord/chord_btc_txt,dir,OK,1 files,
lyrics_38,sample01.mid,file,OK,1772,2025-09-22 12:47:45
lyrics_38,sample01.json,file,OK,34,2025-09-22 12:47:45
lyrics_38,sample01.txt,file,OK,333,2025-09-22 12:47:44
lyrics_38,sample01_times.txt,file,OK,574,2025-09-22 12:47:46
lyrics_38,sample01_struct_time.json,file,OK,37,2025-09-22 12:47:46
lyrics_38,sample01_struct_label.json,file,OK,47,2025-09-22 12:47:46
lyrics_38,sample01.wav,file,OK,5210630,2025-09-22 12:48:01
lyrics_38,chord/chord_txt,dir,OK,1 files,
lyrics_38,chord/chord_btc_txt,dir,OK,1 files,
lyrics_39,sample01.mid,file,OK,1899,2025-09-22 12:48:52
lyrics_39,sample01.json,file,OK,35,2025-09-22 12:48:52
lyrics_39,sample01.txt,file,OK,345,2025-09-22 12:48:51
lyrics_39,sample01_times.txt,file,OK,586,2025-09-22 12:48:52
lyrics_39,sample01_struct_time.json,file,OK,38,2025-09-22 12:48:53
lyrics_39,sample01_struct_label.json,file,OK,47,2025-09-22 12:48:53
lyrics_39,sample01.wav,file,OK,4361038,2025-09-22 12:49:07
lyrics_39,chord/chord_txt,dir,OK,1 files,
lyrics_39,chord/chord_btc_txt,dir,OK,1 files,
lyrics_4,sample01.mid,file,OK,1899,2025-09-22 12:49:57
lyrics_4,sample01.json,file,OK,34,2025-09-22 12:49:57
lyrics_4,sample01.txt,file,OK,342,2025-09-22 12:49:56
lyrics_4,sample01_times.txt,file,OK,583,2025-09-22 12:49:58
lyrics_4,sample01_struct_time.json,file,OK,39,2025-09-22 12:49:59
lyrics_4,sample01_struct_label.json,file,OK,47,2025-09-22 12:49:59
lyrics_4,sample01.wav,file,OK,5993002,2025-09-22 12:50:14
lyrics_4,chord/chord_txt,dir,OK,1 files,
lyrics_4,chord/chord_btc_txt,dir,OK,1 files,
lyrics_40,sample01.mid,file,OK,1885,2025-09-22 12:51:03
lyrics_40,sample01.json,file,OK,34,2025-09-22 12:51:03
lyrics_40,sample01.txt,file,OK,337,2025-09-22 12:51:02
lyrics_40,sample01_times.txt,file,OK,578,2025-09-22 12:51:04
lyrics_40,sample01_struct_time.json,file,OK,39,2025-09-22 12:51:04
lyrics_40,sample01_struct_label.json,file,OK,47,2025-09-22 12:51:04
lyrics_40,sample01.wav,file,OK,6076560,2025-09-22 12:51:19
lyrics_40,chord/chord_txt,dir,OK,1 files,
lyrics_40,chord/chord_btc_txt,dir,OK,1 files,
lyrics_41,sample01.mid,file,OK,1808,2025-09-22 12:52:08
lyrics_41,sample01.json,file,OK,34,2025-09-22 12:52:08
lyrics_41,sample01.txt,file,OK,337,2025-09-22 12:52:07
lyrics_41,sample01_times.txt,file,OK,578,2025-09-22 12:52:09
lyrics_41,sample01_struct_time.json,file,OK,39,2025-09-22 12:52:09
lyrics_41,sample01_struct_label.json,file,OK,47,2025-09-22 12:52:09
lyrics_41,sample01.wav,file,OK,5592264,2025-09-22 12:52:24
lyrics_41,chord/chord_txt,dir,OK,1 files,
lyrics_41,chord/chord_btc_txt,dir,OK,1 files,
lyrics_42,sample01.mid,file,OK,1846,2025-09-22 12:53:12
lyrics_42,sample01.json,file,OK,34,2025-09-22 12:53:12
lyrics_42,sample01.txt,file,OK,330,2025-09-22 12:53:11
lyrics_42,sample01_times.txt,file,OK,571,2025-09-22 12:53:13
lyrics_42,sample01_struct_time.json,file,OK,37,2025-09-22 12:53:13
lyrics_42,sample01_struct_label.json,file,OK,47,2025-09-22 12:53:13
lyrics_42,sample01.wav,file,OK,6132264,2025-09-22 12:53:27
lyrics_42,chord/chord_txt,dir,OK,1 files,
lyrics_42,chord/chord_btc_txt,dir,OK,1 files,
lyrics_43,sample01.mid,file,OK,1865,2025-09-22 12:54:16
lyrics_43,sample01.json,file,OK,34,2025-09-22 12:54:16
lyrics_43,sample01.txt,file,OK,334,2025-09-22 12:54:15
lyrics_43,sample01_times.txt,file,OK,575,2025-09-22 12:54:17
lyrics_43,sample01_struct_time.json,file,OK,39,2025-09-22 12:54:18
lyrics_43,sample01_struct_label.json,file,OK,47,2025-09-22 12:54:18
lyrics_43,sample01.wav,file,OK,6215822,2025-09-22 12:54:32
lyrics_43,chord/chord_txt,dir,OK,1 files,
lyrics_43,chord/chord_btc_txt,dir,OK,1 files,
lyrics_44,sample01.mid,file,OK,1762,2025-09-22 12:55:20
lyrics_44,sample01.json,file,OK,34,2025-09-22 12:55:20
lyrics_44,sample01.txt,file,OK,329,2025-09-22 12:55:19
lyrics_44,sample01_times.txt,file,OK,570,2025-09-22 12:55:21
lyrics_44,sample01_struct_time.json,file,OK,37,2025-09-22 12:55:22
lyrics_44,sample01_struct_label.json,file,OK,47,2025-09-22 12:55:22
lyrics_44,sample01.wav,file,OK,4973168,2025-09-22 12:55:36
lyrics_44,chord/chord_txt,dir,OK,1 files,
lyrics_44,chord/chord_btc_txt,dir,OK,1 files,
lyrics_45,sample01.mid,file,OK,1827,2025-09-22 12:56:26
lyrics_45,sample01.json,file,OK,34,2025-09-22 12:56:26
lyrics_45,sample01.txt,file,OK,332,2025-09-22 12:56:25
lyrics_45,sample01_times.txt,file,OK,573,2025-09-22 12:56:26
lyrics_45,sample01_struct_time.json,file,OK,39,2025-09-22 12:56:27
lyrics_45,sample01_struct_label.json,file,OK,47,2025-09-22 12:56:27
lyrics_45,sample01.wav,file,OK,6410790,2025-09-22 12:56:41
lyrics_45,chord/chord_txt,dir,OK,1 files,
lyrics_45,chord/chord_btc_txt,dir,OK,1 files,
lyrics_46,sample01.mid,file,OK,1758,2025-09-22 12:57:29
lyrics_46,sample01.json,file,OK,34,2025-09-22 12:57:29
lyrics_46,sample01.txt,file,OK,328,2025-09-22 12:57:28
lyrics_46,sample01_times.txt,file,OK,569,2025-09-22 12:57:30
lyrics_46,sample01_struct_time.json,file,OK,39,2025-09-22 12:57:31
lyrics_46,sample01_struct_label.json,file,OK,47,2025-09-22 12:57:31
lyrics_46,sample01.wav,file,OK,5346322,2025-09-22 12:57:44
lyrics_46,chord/chord_txt,dir,OK,1 files,
lyrics_46,chord/chord_btc_txt,dir,OK,1 files,
lyrics_47,sample01.mid,file,OK,1793,2025-09-22 12:58:43
lyrics_47,sample01.json,file,OK,34,2025-09-22 12:58:43
lyrics_47,sample01.txt,file,OK,332,2025-09-22 12:58:42
lyrics_47,sample01_times.txt,file,OK,573,2025-09-22 12:58:44
lyrics_47,sample01_struct_time.json,file,OK,39,2025-09-22 12:58:44
lyrics_47,sample01_struct_label.json,file,OK,47,2025-09-22 12:58:44
lyrics_47,sample01.wav,file,OK,5346322,2025-09-22 12:58:58
lyrics_47,chord/chord_txt,dir,OK,1 files,
lyrics_47,chord/chord_btc_txt,dir,OK,1 files,
lyrics_48,sample01.mid,file,OK,1826,2025-09-22 12:59:48
lyrics_48,sample01.json,file,OK,34,2025-09-22 12:59:48
lyrics_48,sample01.txt,file,OK,338,2025-09-22 12:59:47
lyrics_48,sample01_times.txt,file,OK,579,2025-09-22 12:59:49
lyrics_48,sample01_struct_time.json,file,OK,39,2025-09-22 12:59:49
lyrics_48,sample01_struct_label.json,file,OK,47,2025-09-22 12:59:49
lyrics_48,sample01.wav,file,OK,5651630,2025-09-22 13:00:03
lyrics_48,chord/chord_txt,dir,OK,1 files,
lyrics_48,chord/chord_btc_txt,dir,OK,1 files,
lyrics_49,sample01.mid,file,OK,1790,2025-09-22 13:00:52
lyrics_49,sample01.json,file,OK,34,2025-09-22 13:00:52
lyrics_49,sample01.txt,file,OK,334,2025-09-22 13:00:51
lyrics_49,sample01_times.txt,file,OK,575,2025-09-22 13:00:53
lyrics_49,sample01_struct_time.json,file,OK,37,2025-09-22 13:00:53
lyrics_49,sample01_struct_label.json,file,OK,47,2025-09-22 13:00:53
lyrics_49,sample01.wav,file,OK,5515936,2025-09-22 13:01:07
lyrics_49,chord/chord_txt,dir,OK,1 files,
lyrics_49,chord/chord_btc_txt,dir,OK,1 files,
lyrics_5,sample01.mid,file,OK,1873,2025-09-22 13:01:56
lyrics_5,sample01.json,file,OK,34,2025-09-22 13:01:56
lyrics_5,sample01.txt,file,OK,337,2025-09-22 13:01:55
lyrics_5,sample01_times.txt,file,OK,578,2025-09-22 13:01:56
lyrics_5,sample01_struct_time.json,file,OK,39,2025-09-22 13:01:57
lyrics_5,sample01_struct_label.json,file,OK,47,2025-09-22 13:01:57
lyrics_5,sample01.wav,file,OK,6034780,2025-09-22 13:02:11
lyrics_5,chord/chord_txt,dir,OK,1 files,
lyrics_5,chord/chord_btc_txt,dir,OK,1 files,
lyrics_50,sample01.mid,file,OK,1703,2025-09-22 13:03:01
lyrics_50,sample01.json,file,OK,34,2025-09-22 13:03:01
lyrics_50,sample01.txt,file,OK,325,2025-09-22 13:03:00
lyrics_50,sample01_times.txt,file,OK,566,2025-09-22 13:03:01
lyrics_50,sample01_struct_time.json,file,OK,39,2025-09-22 13:03:02
lyrics_50,sample01_struct_label.json,file,OK,47,2025-09-22 13:03:02
lyrics_50,sample01.wav,file,OK,5210630,2025-09-22 13:03:17
lyrics_50,chord/chord_txt,dir,OK,1 files,
lyrics_50,chord/chord_btc_txt,dir,OK,1 files,
lyrics_51,sample01.mid,file,OK,1719,2025-09-22 13:04:06
lyrics_51,sample01.json,file,OK,34,2025-09-22 13:04:06
lyrics_51,sample01.txt,file,OK,324,2025-09-22 13:04:05
lyrics_51,sample01_times.txt,file,OK,565,2025-09-22 13:04:07
lyrics_51,sample01_struct_time.json,file,OK,39,2025-09-22 13:04:07
lyrics_51,sample01_struct_label.json,file,OK,47,2025-09-22 13:04:07
lyrics_51,sample01.wav,file,OK,4718744,2025-09-22 13:04:22
lyrics_51,chord/chord_txt,dir,OK,1 files,
lyrics_51,chord/chord_btc_txt,dir,OK,1 files,
lyrics_52,sample01.mid,file,OK,1715,2025-09-22 13:05:09
lyrics_52,sample01.json,file,OK,34,2025-09-22 13:05:09
lyrics_52,sample01.txt,file,OK,322,2025-09-22 13:05:08
lyrics_52,sample01_times.txt,file,OK,563,2025-09-22 13:05:10
lyrics_52,sample01_struct_time.json,file,OK,37,2025-09-22 13:05:11
lyrics_52,sample01_struct_label.json,file,OK,47,2025-09-22 13:05:11
lyrics_52,sample01.wav,file,OK,4701782,2025-09-22 13:05:24
lyrics_52,chord/chord_txt,dir,OK,1 files,
lyrics_52,chord/chord_btc_txt,dir,OK,1 files,
lyrics_53,sample01.mid,file,OK,1782,2025-09-22 13:06:13
lyrics_53,sample01.json,file,OK,34,2025-09-22 13:06:13
lyrics_53,sample01.txt,file,OK,333,2025-09-22 13:06:12
lyrics_53,sample01_times.txt,file,OK,574,2025-09-22 13:06:14
lyrics_53,sample01_struct_time.json,file,OK,37,2025-09-22 13:06:15
lyrics_53,sample01_struct_label.json,file,OK,47,2025-09-22 13:06:15
lyrics_53,sample01.wav,file,OK,5041014,2025-09-22 13:06:28
lyrics_53,chord/chord_txt,dir,OK,1 files,
lyrics_53,chord/chord_btc_txt,dir,OK,1 files,
lyrics_54,sample01.mid,file,OK,1727,2025-09-23 01:52:56
lyrics_54,sample01.json,file,OK,34,2025-09-23 01:52:56
lyrics_54,sample01.txt,file,OK,328,2025-09-23 01:52:55
lyrics_54,sample01_times.txt,file,OK,569,2025-09-23 01:52:57
lyrics_54,sample01_struct_time.json,file,OK,39,2025-09-23 01:52:57
lyrics_54,sample01_struct_label.json,file,OK,47,2025-09-23 01:52:57
lyrics_54,sample01.wav,file,OK,5448090,2025-09-23 01:53:12
lyrics_54,chord/chord_txt,dir,OK,1 files,
lyrics_54,chord/chord_btc_txt,dir,OK,1 files,
lyrics_55,sample01.mid,file,OK,1840,2025-09-22 13:08:21
lyrics_55,sample01.json,file,OK,34,2025-09-22 13:08:21
lyrics_55,sample01.txt,file,OK,332,2025-09-22 13:08:20
lyrics_55,sample01_times.txt,file,OK,573,2025-09-22 13:08:21
lyrics_55,sample01_struct_time.json,file,OK,39,2025-09-22 13:08:22
lyrics_55,sample01_struct_label.json,file,OK,47,2025-09-22 13:08:22
lyrics_55,sample01.wav,file,OK,6229748,2025-09-22 13:08:36
lyrics_55,chord/chord_txt,dir,OK,1 files,
lyrics_55,chord/chord_btc_txt,dir,OK,1 files,
lyrics_56,sample01.mid,file,OK,1727,2025-09-22 13:09:37
lyrics_56,sample01.json,file,OK,34,2025-09-22 13:09:37
lyrics_56,sample01.txt,file,OK,326,2025-09-22 13:09:36
lyrics_56,sample01_times.txt,file,OK,567,2025-09-22 13:09:37
lyrics_56,sample01_struct_time.json,file,OK,39,2025-09-22 13:09:38
lyrics_56,sample01_struct_label.json,file,OK,47,2025-09-22 13:09:38
lyrics_56,sample01.wav,file,OK,5057976,2025-09-22 13:09:52
lyrics_56,chord/chord_txt,dir,OK,1 files,
lyrics_56,chord/chord_btc_txt,dir,OK,1 files,
lyrics_57,sample01.mid,file,OK,1728,2025-09-22 13:10:41
lyrics_57,sample01.json,file,OK,34,2025-09-22 13:10:41
lyrics_57,sample01.txt,file,OK,325,2025-09-22 13:10:40
lyrics_57,sample01_times.txt,file,OK,566,2025-09-22 13:10:42
lyrics_57,sample01_struct_time.json,file,OK,39,2025-09-22 13:10:42
lyrics_57,sample01_struct_label.json,file,OK,47,2025-09-22 13:10:42
lyrics_57,sample01.wav,file,OK,4990130,2025-09-22 13:10:56
lyrics_57,chord/chord_txt,dir,OK,1 files,
lyrics_57,chord/chord_btc_txt,dir,OK,1 files,
lyrics_58,sample01.mid,file,OK,1763,2025-09-22 13:11:45
lyrics_58,sample01.json,file,OK,34,2025-09-22 13:11:45
lyrics_58,sample01.txt,file,OK,331,2025-09-22 13:11:44
lyrics_58,sample01_times.txt,file,OK,572,2025-09-22 13:11:45
lyrics_58,sample01_struct_time.json,file,OK,39,2025-09-22 13:11:46
lyrics_58,sample01_struct_label.json,file,OK,47,2025-09-22 13:11:46
lyrics_58,sample01.wav,file,OK,5176706,2025-09-22 13:12:00
lyrics_58,chord/chord_txt,dir,OK,1 files,
lyrics_58,chord/chord_btc_txt,dir,OK,1 files,
lyrics_59,sample01.mid,file,OK,1860,2025-09-22 13:12:49
lyrics_59,sample01.json,file,OK,35,2025-09-22 13:12:49
lyrics_59,sample01.txt,file,OK,339,2025-09-22 13:12:48
lyrics_59,sample01_times.txt,file,OK,580,2025-09-22 13:12:50
lyrics_59,sample01_struct_time.json,file,OK,36,2025-09-22 13:12:51
lyrics_59,sample01_struct_label.json,file,OK,47,2025-09-22 13:12:51
lyrics_59,sample01.wav,file,OK,4537438,2025-09-22 13:13:04
lyrics_59,chord/chord_txt,dir,OK,1 files,
lyrics_59,chord/chord_btc_txt,dir,OK,1 files,
lyrics_6,sample01.mid,file,OK,1836,2025-09-22 13:13:52
lyrics_6,sample01.json,file,OK,34,2025-09-22 13:13:52
lyrics_6,sample01.txt,file,OK,339,2025-09-22 13:13:51
lyrics_6,sample01_times.txt,file,OK,580,2025-09-22 13:13:53
lyrics_6,sample01_struct_time.json,file,OK,39,2025-09-22 13:13:53
lyrics_6,sample01_struct_label.json,file,OK,47,2025-09-22 13:13:53
lyrics_6,sample01.wav,file,OK,5600744,2025-09-22 13:14:07
lyrics_6,chord/chord_txt,dir,OK,1 files,
lyrics_6,chord/chord_btc_txt,dir,OK,1 files,
lyrics_60,sample01.mid,file,OK,1856,2025-09-22 13:14:55
lyrics_60,sample01.json,file,OK,34,2025-09-22 13:14:55
lyrics_60,sample01.txt,file,OK,333,2025-09-22 13:14:54
lyrics_60,sample01_times.txt,file,OK,574,2025-09-22 13:14:55
lyrics_60,sample01_struct_time.json,file,OK,37,2025-09-22 13:14:56
lyrics_60,sample01_struct_label.json,file,OK,47,2025-09-22 13:14:56
lyrics_60,sample01.wav,file,OK,6870360,2025-09-22 13:15:11
lyrics_60,chord/chord_txt,dir,OK,1 files,
lyrics_60,chord/chord_btc_txt,dir,OK,1 files,
lyrics_61,sample01.mid,file,OK,1769,2025-09-22 13:15:59
lyrics_61,sample01.json,file,OK,34,2025-09-22 13:15:59
lyrics_61,sample01.txt,file,OK,327,2025-09-22 13:15:58
lyrics_61,sample01_times.txt,file,OK,568,2025-09-22 13:16:00
lyrics_61,sample01_struct_time.json,file,OK,39,2025-09-22 13:16:01
lyrics_61,sample01_struct_label.json,file,OK,47,2025-09-22 13:16:01
lyrics_61,sample01.wav,file,OK,6160476,2025-09-22 13:16:15
lyrics_61,chord/chord_txt,dir,OK,1 files,
lyrics_61,chord/chord_btc_txt,dir,OK,1 files,
lyrics_62,sample01.mid,file,OK,1772,2025-09-22 13:17:03
lyrics_62,sample01.json,file,OK,34,2025-09-22 13:17:03
lyrics_62,sample01.txt,file,OK,330,2025-09-22 13:17:02
lyrics_62,sample01_times.txt,file,OK,571,2025-09-22 13:17:04
lyrics_62,sample01_struct_time.json,file,OK,39,2025-09-22 13:17:05
lyrics_62,sample01_struct_label.json,file,OK,47,2025-09-22 13:17:05
lyrics_62,sample01.wav,file,OK,5380244,2025-09-22 13:17:19
lyrics_62,chord/chord_txt,dir,OK,1 files,
lyrics_62,chord/chord_btc_txt,dir,OK,1 files,
lyrics_63,sample01.mid,file,OK,1767,2025-09-22 13:18:07
lyrics_63,sample01.json,file,OK,34,2025-09-22 13:18:07
lyrics_63,sample01.txt,file,OK,330,2025-09-22 13:18:06
lyrics_63,sample01_times.txt,file,OK,571,2025-09-22 13:18:08
lyrics_63,sample01_struct_time.json,file,OK,38,2025-09-22 13:18:09
lyrics_63,sample01_struct_label.json,file,OK,47,2025-09-22 13:18:09
lyrics_63,sample01.wav,file,OK,5316638,2025-09-22 13:18:23
lyrics_63,chord/chord_txt,dir,OK,1 files,
lyrics_63,chord/chord_btc_txt,dir,OK,1 files,
lyrics_64,sample01.mid,file,OK,1821,2025-09-22 13:19:16
lyrics_64,sample01.json,file,OK,34,2025-09-22 13:19:16
lyrics_64,sample01.txt,file,OK,336,2025-09-22 13:19:15
lyrics_64,sample01_times.txt,file,OK,577,2025-09-22 13:19:17
lyrics_64,sample01_struct_time.json,file,OK,39,2025-09-22 13:19:17
lyrics_64,sample01_struct_label.json,file,OK,47,2025-09-22 13:19:17
lyrics_64,sample01.wav,file,OK,5091898,2025-09-22 13:19:31
lyrics_64,chord/chord_txt,dir,OK,1 files,
lyrics_64,chord/chord_btc_txt,dir,OK,1 files,
lyrics_65,sample01.mid,file,OK,1804,2025-09-22 13:20:24
lyrics_65,sample01.json,file,OK,34,2025-09-22 13:20:24
lyrics_65,sample01.txt,file,OK,333,2025-09-22 13:20:23
lyrics_65,sample01_times.txt,file,OK,574,2025-09-22 13:20:25
lyrics_65,sample01_struct_time.json,file,OK,39,2025-09-22 13:20:26
lyrics_65,sample01_struct_label.json,file,OK,47,2025-09-22 13:20:26
lyrics_65,sample01.wav,file,OK,5787322,2025-09-22 13:20:40
lyrics_65,chord/chord_txt,dir,OK,1 files,
lyrics_65,chord/chord_btc_txt,dir,OK,1 files,
lyrics_66,sample01.mid,file,OK,1749,2025-09-22 13:21:28
lyrics_66,sample01.json,file,OK,34,2025-09-22 13:21:28
lyrics_66,sample01.txt,file,OK,330,2025-09-22 13:21:27
lyrics_66,sample01_times.txt,file,OK,571,2025-09-22 13:21:29
lyrics_66,sample01_struct_time.json,file,OK,39,2025-09-22 13:21:29
lyrics_66,sample01_struct_label.json,file,OK,47,2025-09-22 13:21:29
lyrics_66,sample01.wav,file,OK,5804284,2025-09-22 13:21:43
lyrics_66,chord/chord_txt,dir,OK,1 files,
lyrics_66,chord/chord_btc_txt,dir,OK,1 files,
lyrics_67,sample01.mid,file,OK,1789,2025-09-22 13:22:35
lyrics_67,sample01.json,file,OK,34,2025-09-22 13:22:35
lyrics_67,sample01.txt,file,OK,332,2025-09-22 13:22:34
lyrics_67,sample01_times.txt,file,OK,573,2025-09-22 13:22:36
lyrics_67,sample01_struct_time.json,file,OK,39,2025-09-22 13:22:37
lyrics_67,sample01_struct_label.json,file,OK,47,2025-09-22 13:22:37
lyrics_67,sample01.wav,file,OK,5202148,2025-09-22 13:22:52
lyrics_67,chord/chord_txt,dir,OK,1 files,
lyrics_67,chord/chord_btc_txt,dir,OK,1 files,
lyrics_68,sample01.mid,file,OK,1750,2025-09-22 13:23:40
lyrics_68,sample01.json,file,OK,34,2025-09-22 13:23:40
lyrics_68,sample01.txt,file,OK,328,2025-09-22 13:23:39
lyrics_68,sample01_times.txt,file,OK,569,2025-09-22 13:23:41
lyrics_68,sample01_struct_time.json,file,OK,39,2025-09-22 13:23:42
lyrics_68,sample01_struct_label.json,file,OK,47,2025-09-22 13:23:42
lyrics_68,sample01.wav,file,OK,5346322,2025-09-22 13:23:56
lyrics_68,chord/chord_txt,dir,OK,1 files,
lyrics_68,chord/chord_btc_txt,dir,OK,1 files,
lyrics_69,sample01.mid,file,OK,1703,2025-09-22 13:24:44
lyrics_69,sample01.json,file,OK,34,2025-09-22 13:24:44
lyrics_69,sample01.txt,file,OK,321,2025-09-22 13:24:43
lyrics_69,sample01_times.txt,file,OK,562,2025-09-22 13:24:45
lyrics_69,sample01_struct_time.json,file,OK,39,2025-09-22 13:24:45
lyrics_69,sample01_struct_label.json,file,OK,47,2025-09-22 13:24:45
lyrics_69,sample01.wav,file,OK,5753398,2025-09-22 13:24:59
lyrics_69,chord/chord_txt,dir,OK,1 files,
lyrics_69,chord/chord_btc_txt,dir,OK,1 files,
lyrics_7,sample01.mid,file,OK,1891,2025-09-22 13:25:53
lyrics_7,sample01.json,file,OK,35,2025-09-22 13:25:53
lyrics_7,sample01.txt,file,OK,348,2025-09-22 13:25:52
lyrics_7,sample01_times.txt,file,OK,589,2025-09-22 13:25:54
lyrics_7,sample01_struct_time.json,file,OK,38,2025-09-22 13:25:54
lyrics_7,sample01_struct_label.json,file,OK,47,2025-09-22 13:25:54
lyrics_7,sample01.wav,file,OK,4909838,2025-09-22 13:26:09
lyrics_7,chord/chord_txt,dir,OK,1 files,
lyrics_7,chord/chord_btc_txt,dir,OK,1 files,
lyrics_70,sample01.mid,file,OK,1754,2025-09-22 13:26:57
lyrics_70,sample01.json,file,OK,34,2025-09-22 13:26:57
lyrics_70,sample01.txt,file,OK,326,2025-09-22 13:26:56
lyrics_70,sample01_times.txt,file,OK,567,2025-09-22 13:26:58
lyrics_70,sample01_struct_time.json,file,OK,35,2025-09-22 13:26:58
lyrics_70,sample01_struct_label.json,file,OK,47,2025-09-22 13:26:58
lyrics_70,sample01.wav,file,OK,5515936,2025-09-22 13:27:12
lyrics_70,chord/chord_txt,dir,OK,1 files,
lyrics_70,chord/chord_btc_txt,dir,OK,1 files,
lyrics_71,sample01.mid,file,OK,1757,2025-09-22 13:28:04
lyrics_71,sample01.json,file,OK,34,2025-09-22 13:28:04
lyrics_71,sample01.txt,file,OK,330,2025-09-22 13:28:03
lyrics_71,sample01_times.txt,file,OK,571,2025-09-22 13:28:05
lyrics_71,sample01_struct_time.json,file,OK,37,2025-09-22 13:28:05
lyrics_71,sample01_struct_label.json,file,OK,47,2025-09-22 13:28:05
lyrics_71,sample01.wav,file,OK,4735706,2025-09-22 13:28:19
lyrics_71,chord/chord_txt,dir,OK,1 files,
lyrics_71,chord/chord_btc_txt,dir,OK,1 files,
lyrics_72,sample01.mid,file,OK,1703,2025-09-22 13:29:11
lyrics_72,sample01.json,file,OK,34,2025-09-22 13:29:11
lyrics_72,sample01.txt,file,OK,321,2025-09-22 13:29:10
lyrics_72,sample01_times.txt,file,OK,562,2025-09-22 13:29:12
lyrics_72,sample01_struct_time.json,file,OK,39,2025-09-22 13:29:12
lyrics_72,sample01_struct_label.json,file,OK,47,2025-09-22 13:29:12
lyrics_72,sample01.wav,file,OK,4752668,2025-09-22 13:29:26
lyrics_72,chord/chord_txt,dir,OK,1 files,
lyrics_72,chord/chord_btc_txt,dir,OK,1 files,
lyrics_73,sample01.mid,file,OK,1752,2025-09-22 13:30:22
lyrics_73,sample01.json,file,OK,34,2025-09-22 13:30:22
lyrics_73,sample01.txt,file,OK,327,2025-09-22 13:30:21
lyrics_73,sample01_times.txt,file,OK,568,2025-09-22 13:30:22
lyrics_73,sample01_struct_time.json,file,OK,39,2025-09-22 13:30:23
lyrics_73,sample01_struct_label.json,file,OK,47,2025-09-22 13:30:23
lyrics_73,sample01.wav,file,OK,4532168,2025-09-22 13:30:37
lyrics_73,chord/chord_txt,dir,OK,1 files,
lyrics_73,chord/chord_btc_txt,dir,OK,1 files,
lyrics_74,sample01.mid,file,OK,1705,2025-09-22 13:31:24
lyrics_74,sample01.json,file,OK,34,2025-09-22 13:31:24
lyrics_74,sample01.txt,file,OK,322,2025-09-22 13:31:23
lyrics_74,sample01_times.txt,file,OK,563,2025-09-22 13:31:25
lyrics_74,sample01_struct_time.json,file,OK,39,2025-09-22 13:31:25
lyrics_74,sample01_struct_label.json,file,OK,47,2025-09-22 13:31:25
lyrics_74,sample01.wav,file,OK,5482014,2025-09-22 13:31:39
lyrics_74,chord/chord_txt,dir,OK,1 files,
lyrics_74,chord/chord_btc_txt,dir,OK,1 files,
lyrics_75,sample01.mid,file,OK,1713,2025-09-22 13:32:30
lyrics_75,sample01.json,file,OK,34,2025-09-22 13:32:30
lyrics_75,sample01.txt,file,OK,322,2025-09-22 13:32:29
lyrics_75,sample01_times.txt,file,OK,563,2025-09-22 13:32:31
lyrics_75,sample01_struct_time.json,file,OK,39,2025-09-22 13:32:31
lyrics_75,sample01_struct_label.json,file,OK,47,2025-09-22 13:32:31
lyrics_75,sample01.wav,file,OK,4837476,2025-09-22 13:32:45
lyrics_75,chord/chord_txt,dir,OK,1 files,
lyrics_75,chord/chord_btc_txt,dir,OK,1 files,
lyrics_76,sample01.mid,file,OK,1807,2025-09-22 13:33:34
lyrics_76,sample01.json,file,OK,34,2025-09-22 13:33:34
lyrics_76,sample01.txt,file,OK,337,2025-09-22 13:33:33
lyrics_76,sample01_times.txt,file,OK,578,2025-09-22 13:33:35
lyrics_76,sample01_struct_time.json,file,OK,39,2025-09-22 13:33:35
lyrics_76,sample01_struct_label.json,file,OK,47,2025-09-22 13:33:35
lyrics_76,sample01.wav,file,OK,4981648,2025-09-22 13:33:50
lyrics_76,chord/chord_txt,dir,OK,1 files,
lyrics_76,chord/chord_btc_txt,dir,OK,1 files,
lyrics_77,sample01.mid,file,OK,1727,2025-09-22 13:34:39
lyrics_77,sample01.json,file,OK,34,2025-09-22 13:34:39
lyrics_77,sample01.txt,file,OK,321,2025-09-22 13:34:38
lyrics_77,sample01_times.txt,file,OK,562,2025-09-22 13:34:39
lyrics_77,sample01_struct_time.json,file,OK,39,2025-09-22 13:34:40
lyrics_77,sample01_struct_label.json,file,OK,47,2025-09-22 13:34:40
lyrics_77,sample01.wav,file,OK,4973168,2025-09-22 13:34:54
lyrics_77,chord/chord_txt,dir,OK,1 files,
lyrics_77,chord/chord_btc_txt,dir,OK,1 files,
lyrics_78,sample01.mid,file,OK,1780,2025-09-22 13:35:42
lyrics_78,sample01.json,file,OK,34,2025-09-22 13:35:42
lyrics_78,sample01.txt,file,OK,329,2025-09-22 13:35:41
lyrics_78,sample01_times.txt,file,OK,570,2025-09-22 13:35:43
lyrics_78,sample01_struct_time.json,file,OK,39,2025-09-22 13:35:43
lyrics_78,sample01_struct_label.json,file,OK,47,2025-09-22 13:35:43
lyrics_78,sample01.wav,file,OK,5244552,2025-09-22 13:35:58
lyrics_78,chord/chord_txt,dir,OK,1 files,
lyrics_78,chord/chord_btc_txt,dir,OK,1 files,
lyrics_79,sample01.mid,file,OK,1704,2025-09-22 13:36:49
lyrics_79,sample01.json,file,OK,34,2025-09-22 13:36:49
lyrics_79,sample01.txt,file,OK,322,2025-09-22 13:36:48
lyrics_79,sample01_times.txt,file,OK,563,2025-09-22 13:36:50
lyrics_79,sample01_struct_time.json,file,OK,37,2025-09-22 13:36:51
lyrics_79,sample01_struct_label.json,file,OK,47,2025-09-22 13:36:51
lyrics_79,sample01.wav,file,OK,5091898,2025-09-22 13:37:04
lyrics_79,chord/chord_txt,dir,OK,1 files,
lyrics_79,chord/chord_btc_txt,dir,OK,1 files,
lyrics_8,sample01.mid,file,OK,2066,2025-09-22 13:38:10
lyrics_8,sample01.json,file,OK,35,2025-09-22 13:38:10
lyrics_8,sample01.txt,file,OK,363,2025-09-22 13:38:09
lyrics_8,sample01_times.txt,file,OK,604,2025-09-22 13:38:11
lyrics_8,sample01_struct_time.json,file,OK,38,2025-09-22 13:38:11
lyrics_8,sample01_struct_label.json,file,OK,47,2025-09-22 13:38:11
lyrics_8,sample01.wav,file,OK,7144248,2025-09-22 13:38:25
lyrics_8,chord/chord_txt,dir,OK,1 files,
lyrics_8,chord/chord_btc_txt,dir,OK,1 files,
lyrics_80,sample01.mid,file,OK,1784,2025-09-22 13:39:12
lyrics_80,sample01.json,file,OK,34,2025-09-22 13:39:12
lyrics_80,sample01.txt,file,OK,329,2025-09-22 13:39:11
lyrics_80,sample01_times.txt,file,OK,570,2025-09-22 13:39:13
lyrics_80,sample01_struct_time.json,file,OK,39,2025-09-22 13:39:14
lyrics_80,sample01_struct_label.json,file,OK,47,2025-09-22 13:39:14
lyrics_80,sample01.wav,file,OK,5295436,2025-09-22 13:39:27
lyrics_80,chord/chord_txt,dir,OK,1 files,
lyrics_80,chord/chord_btc_txt,dir,OK,1 files,
lyrics_81,sample01.mid,file,OK,1693,2025-09-22 13:40:16
lyrics_81,sample01.json,file,OK,34,2025-09-22 13:40:16
lyrics_81,sample01.txt,file,OK,322,2025-09-22 13:40:15
lyrics_81,sample01_times.txt,file,OK,563,2025-09-22 13:40:16
lyrics_81,sample01_struct_time.json,file,OK,39,2025-09-22 13:40:17
lyrics_81,sample01_struct_label.json,file,OK,47,2025-09-22 13:40:17
lyrics_81,sample01.wav,file,OK,5253034,2025-09-22 13:40:31
lyrics_81,chord/chord_txt,dir,OK,1 files,
lyrics_81,chord/chord_btc_txt,dir,OK,1 files,
lyrics_82,sample01.mid,file,OK,1692,2025-09-22 13:41:31
lyrics_82,sample01.json,file,OK,34,2025-09-22 13:41:31
lyrics_82,sample01.txt,file,OK,318,2025-09-22 13:41:30
lyrics_82,sample01_times.txt,file,OK,559,2025-09-22 13:41:32
lyrics_82,sample01_struct_time.json,file,OK,39,2025-09-22 13:41:33
lyrics_82,sample01_struct_label.json,file,OK,47,2025-09-22 13:41:33
lyrics_82,sample01.wav,file,OK,5787322,2025-09-22 13:41:48
lyrics_82,chord/chord_txt,dir,OK,1 files,
lyrics_82,chord/chord_btc_txt,dir,OK,1 files,
lyrics_83,sample01.mid,file,OK,1840,2025-09-22 13:42:46
lyrics_83,sample01.json,file,OK,34,2025-09-22 13:42:46
lyrics_83,sample01.txt,file,OK,340,2025-09-22 13:42:45
lyrics_83,sample01_times.txt,file,OK,581,2025-09-22 13:42:46
lyrics_83,sample01_struct_time.json,file,OK,39,2025-09-22 13:42:47
lyrics_83,sample01_struct_label.json,file,OK,47,2025-09-22 13:42:47
lyrics_83,sample01.wav,file,OK,5074936,2025-09-22 13:43:01
lyrics_83,chord/chord_txt,dir,OK,1 files,
lyrics_83,chord/chord_btc_txt,dir,OK,1 files,
lyrics_84,sample01.mid,file,OK,1802,2025-09-22 13:43:58
lyrics_84,sample01.json,file,OK,34,2025-09-22 13:43:58
lyrics_84,sample01.txt,file,OK,330,2025-09-22 13:43:57
lyrics_84,sample01_times.txt,file,OK,571,2025-09-22 13:43:58
lyrics_84,sample01_struct_time.json,file,OK,39,2025-09-22 13:43:59
lyrics_84,sample01_struct_label.json,file,OK,47,2025-09-22 13:43:59
lyrics_84,sample01.wav,file,OK,6211360,2025-09-22 13:44:13
lyrics_84,chord/chord_txt,dir,OK,1 files,
lyrics_84,chord/chord_btc_txt,dir,OK,1 files,
lyrics_85,sample01.mid,file,OK,1755,2025-09-23 01:54:50
lyrics_85,sample01.json,file,OK,34,2025-09-23 01:54:50
lyrics_85,sample01.txt,file,OK,329,2025-09-23 01:54:49
lyrics_85,sample01_times.txt,file,OK,570,2025-09-23 01:54:50
lyrics_85,sample01_struct_time.json,file,OK,33,2025-09-23 01:54:51
lyrics_85,sample01_struct_label.json,file,OK,47,2025-09-23 01:54:51
lyrics_85,sample01.wav,file,OK,4820514,2025-09-23 01:55:06
lyrics_85,chord/chord_txt,dir,OK,1 files,
lyrics_85,chord/chord_btc_txt,dir,OK,1 files,
lyrics_86,sample01.mid,file,OK,1797,2025-09-22 13:46:08
lyrics_86,sample01.json,file,OK,34,2025-09-22 13:46:08
lyrics_86,sample01.txt,file,OK,328,2025-09-22 13:46:07
lyrics_86,sample01_times.txt,file,OK,569,2025-09-22 13:46:09
lyrics_86,sample01_struct_time.json,file,OK,39,2025-09-22 13:46:09
lyrics_86,sample01_struct_label.json,file,OK,47,2025-09-22 13:46:09
lyrics_86,sample01.wav,file,OK,5736438,2025-09-22 13:46:22
lyrics_86,chord/chord_txt,dir,OK,1 files,
lyrics_86,chord/chord_btc_txt,dir,OK,1 files,
lyrics_87,sample01.mid,file,OK,1698,2025-09-22 13:47:11
lyrics_87,sample01.json,file,OK,34,2025-09-22 13:47:11
lyrics_87,sample01.txt,file,OK,320,2025-09-22 13:47:10
lyrics_87,sample01_times.txt,file,OK,561,2025-09-22 13:47:12
lyrics_87,sample01_struct_time.json,file,OK,39,2025-09-22 13:47:12
lyrics_87,sample01_struct_label.json,file,OK,47,2025-09-22 13:47:12
lyrics_87,sample01.wav,file,OK,4430398,2025-09-22 13:47:26
lyrics_87,chord/chord_txt,dir,OK,1 files,
lyrics_87,chord/chord_btc_txt,dir,OK,1 files,
lyrics_88,sample01.mid,file,OK,1706,2025-09-22 13:48:15
lyrics_88,sample01.json,file,OK,34,2025-09-22 13:48:15
lyrics_88,sample01.txt,file,OK,323,2025-09-22 13:48:14
lyrics_88,sample01_times.txt,file,OK,564,2025-09-22 13:48:16
lyrics_88,sample01_struct_time.json,file,OK,39,2025-09-22 13:48:17
lyrics_88,sample01_struct_label.json,file,OK,47,2025-09-22 13:48:17
lyrics_88,sample01.wav,file,OK,4922282,2025-09-22 13:48:31
lyrics_88,chord/chord_txt,dir,OK,1 files,
lyrics_88,chord/chord_btc_txt,dir,OK,1 files,
lyrics_89,sample01.mid,file,OK,1775,2025-09-22 13:49:19
lyrics_89,sample01.json,file,OK,34,2025-09-22 13:49:19
lyrics_89,sample01.txt,file,OK,329,2025-09-22 13:49:18
lyrics_89,sample01_times.txt,file,OK,570,2025-09-22 13:49:20
lyrics_89,sample01_struct_time.json,file,OK,39,2025-09-22 13:49:21
lyrics_89,sample01_struct_label.json,file,OK,47,2025-09-22 13:49:21
lyrics_89,sample01.wav,file,OK,5371764,2025-09-22 13:49:34
lyrics_89,chord/chord_txt,dir,OK,1 files,
lyrics_89,chord/chord_btc_txt,dir,OK,1 files,
lyrics_9,sample01.mid,file,OK,1828,2025-09-22 13:50:22
lyrics_9,sample01.json,file,OK,34,2025-09-22 13:50:22
lyrics_9,sample01.txt,file,OK,333,2025-09-22 13:50:21
lyrics_9,sample01_times.txt,file,OK,574,2025-09-22 13:50:23
lyrics_9,sample01_struct_time.json,file,OK,39,2025-09-22 13:50:24
lyrics_9,sample01_struct_label.json,file,OK,47,2025-09-22 13:50:24
lyrics_9,sample01.wav,file,OK,6020854,2025-09-22 13:50:38
lyrics_9,chord/chord_txt,dir,OK,1 files,
lyrics_9,chord/chord_btc_txt,dir,OK,1 files,
lyrics_90,sample01.mid,file,OK,1794,2025-09-22 13:51:34
lyrics_90,sample01.json,file,OK,34,2025-09-22 13:51:34
lyrics_90,sample01.txt,file,OK,330,2025-09-22 13:51:33
lyrics_90,sample01_times.txt,file,OK,571,2025-09-22 13:51:35
lyrics_90,sample01_struct_time.json,file,OK,37,2025-09-22 13:51:36
lyrics_90,sample01_struct_label.json,file,OK,47,2025-09-22 13:51:36
lyrics_90,sample01.wav,file,OK,5312398,2025-09-22 13:51:50
lyrics_90,chord/chord_txt,dir,OK,1 files,
lyrics_90,chord/chord_btc_txt,dir,OK,1 files,
lyrics_91,sample01.mid,file,OK,1735,2025-09-22 13:52:38
lyrics_91,sample01.json,file,OK,34,2025-09-22 13:52:38
lyrics_91,sample01.txt,file,OK,322,2025-09-22 13:52:37
lyrics_91,sample01_times.txt,file,OK,563,2025-09-22 13:52:39
lyrics_91,sample01_struct_time.json,file,OK,37,2025-09-22 13:52:39
lyrics_91,sample01_struct_label.json,file,OK,47,2025-09-22 13:52:39
lyrics_91,sample01.wav,file,OK,5244552,2025-09-22 13:52:53
lyrics_91,chord/chord_txt,dir,OK,1 files,
lyrics_91,chord/chord_btc_txt,dir,OK,1 files,
lyrics_92,sample01.mid,file,OK,1746,2025-09-22 13:53:41
lyrics_92,sample01.json,file,OK,34,2025-09-22 13:53:41
lyrics_92,sample01.txt,file,OK,324,2025-09-22 13:53:40
lyrics_92,sample01_times.txt,file,OK,565,2025-09-22 13:53:41
lyrics_92,sample01_struct_time.json,file,OK,39,2025-09-22 13:53:42
lyrics_92,sample01_struct_label.json,file,OK,47,2025-09-22 13:53:42
lyrics_92,sample01.wav,file,OK,5651630,2025-09-22 13:53:56
lyrics_92,chord/chord_txt,dir,OK,1 files,
lyrics_92,chord/chord_btc_txt,dir,OK,1 files,
lyrics_93,sample01.mid,file,OK,1750,2025-09-22 13:54:44
lyrics_93,sample01.json,file,OK,34,2025-09-22 13:54:44
lyrics_93,sample01.txt,file,OK,326,2025-09-22 13:54:43
lyrics_93,sample01_times.txt,file,OK,567,2025-09-22 13:54:45
lyrics_93,sample01_struct_time.json,file,OK,37,2025-09-22 13:54:45
lyrics_93,sample01_struct_label.json,file,OK,47,2025-09-22 13:54:45
lyrics_93,sample01.wav,file,OK,5337840,2025-09-22 13:55:00
lyrics_93,chord/chord_txt,dir,OK,1 files,
lyrics_93,chord/chord_btc_txt,dir,OK,1 files,
lyrics_94,sample01.mid,file,OK,1698,2025-09-22 13:55:53
lyrics_94,sample01.json,file,OK,34,2025-09-22 13:55:53
lyrics_94,sample01.txt,file,OK,321,2025-09-22 13:55:52
lyrics_94,sample01_times.txt,file,OK,562,2025-09-22 13:55:53
lyrics_94,sample01_struct_time.json,file,OK,39,2025-09-22 13:55:54
lyrics_94,sample01_struct_label.json,file,OK,47,2025-09-22 13:55:54
lyrics_94,sample01.wav,file,OK,4667860,2025-09-22 13:56:07
lyrics_94,chord/chord_txt,dir,OK,1 files,
lyrics_94,chord/chord_btc_txt,dir,OK,1 files,
lyrics_95,sample01.mid,file,OK,1708,2025-09-22 13:56:55
lyrics_95,sample01.json,file,OK,34,2025-09-22 13:56:55
lyrics_95,sample01.txt,file,OK,324,2025-09-22 13:56:54
lyrics_95,sample01_times.txt,file,OK,565,2025-09-22 13:56:56
lyrics_95,sample01_struct_time.json,file,OK,39,2025-09-22 13:56:56
lyrics_95,sample01_struct_label.json,file,OK,47,2025-09-22 13:56:56
lyrics_95,sample01.wav,file,OK,4616976,2025-09-22 13:57:10
lyrics_95,chord/chord_txt,dir,OK,1 files,
lyrics_95,chord/chord_btc_txt,dir,OK,1 files,
lyrics_96,sample01.mid,file,OK,1789,2025-09-22 13:57:59
lyrics_96,sample01.json,file,OK,34,2025-09-22 13:57:59
lyrics_96,sample01.txt,file,OK,331,2025-09-22 13:57:58
lyrics_96,sample01_times.txt,file,OK,572,2025-09-22 13:58:00
lyrics_96,sample01_struct_time.json,file,OK,37,2025-09-22 13:58:01
lyrics_96,sample01_struct_label.json,file,OK,47,2025-09-22 13:58:01
lyrics_96,sample01.wav,file,OK,5354802,2025-09-22 13:58:15
lyrics_96,chord/chord_txt,dir,OK,1 files,
lyrics_96,chord/chord_btc_txt,dir,OK,1 files,
lyrics_97,sample01.mid,file,OK,1717,2025-09-22 13:59:03
lyrics_97,sample01.json,file,OK,34,2025-09-22 13:59:03
lyrics_97,sample01.txt,file,OK,324,2025-09-22 13:59:02
lyrics_97,sample01_times.txt,file,OK,565,2025-09-22 13:59:04
lyrics_97,sample01_struct_time.json,file,OK,37,2025-09-22 13:59:05
lyrics_97,sample01_struct_label.json,file,OK,47,2025-09-22 13:59:05
lyrics_97,sample01.wav,file,OK,5193668,2025-09-22 13:59:19
lyrics_97,chord/chord_txt,dir,OK,1 files,
lyrics_97,chord/chord_btc_txt,dir,OK,1 files,
lyrics_98,sample01.mid,file,OK,1707,2025-09-22 14:00:16
lyrics_98,sample01.json,file,OK,34,2025-09-22 14:00:16
lyrics_98,sample01.txt,file,OK,325,2025-09-22 14:00:15
lyrics_98,sample01_times.txt,file,OK,566,2025-09-22 14:00:16
lyrics_98,sample01_struct_time.json,file,OK,37,2025-09-22 14:00:17
lyrics_98,sample01_struct_label.json,file,OK,47,2025-09-22 14:00:17
lyrics_98,sample01.wav,file,OK,4990130,2025-09-22 14:00:31
lyrics_98,chord/chord_txt,dir,OK,1 files,
lyrics_98,chord/chord_btc_txt,dir,OK,1 files,
lyrics_99,sample01.mid,file,OK,1785,2025-09-22 14:01:20
lyrics_99,sample01.json,file,OK,34,2025-09-22 14:01:20
lyrics_99,sample01.txt,file,OK,330,2025-09-22 14:01:19
lyrics_99,sample01_times.txt,file,OK,571,2025-09-22 14:01:20
lyrics_99,sample01_struct_time.json,file,OK,39,2025-09-22 14:01:21
lyrics_99,sample01_struct_label.json,file,OK,47,2025-09-22 14:01:21
lyrics_99,sample01.wav,file,OK,5380244,2025-09-22 14:01:35
lyrics_99,chord/chord_txt,dir,OK,1 files,
lyrics_99,chord/chord_btc_txt,dir,OK,1 files,
